{
  "timestamp": "2026-03-20T08:48:52.461795",
  "stats": {
    "run_tool": {
      "count": 2,
      "avg": 0.027371800038963556,
      "min": 0.02204040007200092,
      "max": 0.03270320000592619,
      "p95": 0.03270320000592619,
      "error_rate": 0.0
    },
    "generate_insights": {
      "count": 1,
      "avg": 11.873038899968378,
      "min": 11.873038899968378,
      "max": 11.873038899968378,
      "p95": 11.873038899968378,
      "error_rate": 0.0
    },
    "monthly_revenue_by_customer": {
      "count": 1,
      "avg": 0.023490400053560734,
      "min": 0.023490400053560734,
      "max": 0.023490400053560734,
      "p95": 0.023490400053560734,
      "error_rate": 0.0
    },
    "cached_run": {
      "count": 2,
      "avg": 0.037136450002435595,
      "min": 0.03255529992748052,
      "max": 0.04171760007739067,
      "p95": 0.04171760007739067,
      "error_rate": 0.0
    },
    "revenue_by_product": {
      "count": 1,
      "avg": 0.01217130001168698,
      "min": 0.01217130001168698,
      "max": 0.01217130001168698,
      "p95": 0.01217130001168698,
      "error_rate": 0.0
    }
  },
  "metrics": {
    "revenue_by_product": [
      0.01217130001168698
    ],
    "run_tool": [
      0.02204040007200092,
      0.03270320000592619
    ],
    "cached_run": [
      0.03255529992748052,
      0.04171760007739067
    ],
    "monthly_revenue_by_customer": [
      0.023490400053560734
    ],
    "generate_insights": [
      11.873038899968378
    ]
  },
  "error_counts": {}
}