{
  "timestamp": "2026-03-20T07:59:56.817531",
  "stats": {
    "cached_run": {
      "count": 2,
      "avg": 0.020565150014590472,
      "min": 0.014598999987356365,
      "max": 0.02653130004182458,
      "p95": 0.02653130004182458,
      "error_rate": 0.0
    },
    "run_tool": {
      "count": 2,
      "avg": 0.014277699927333742,
      "min": 0.008414799929596484,
      "max": 0.020140599925071,
      "p95": 0.020140599925071,
      "error_rate": 0.0
    },
    "revenue_by_product": {
      "count": 1,
      "avg": 0.01412850001361221,
      "min": 0.01412850001361221,
      "max": 0.01412850001361221,
      "p95": 0.01412850001361221,
      "error_rate": 0.0
    },
    "generate_insights": {
      "count": 1,
      "avg": 2.7221089999657124,
      "min": 2.7221089999657124,
      "max": 2.7221089999657124,
      "p95": 2.7221089999657124,
      "error_rate": 0.0
    },
    "monthly_revenue_by_customer": {
      "count": 1,
      "avg": 0.0020192000083625317,
      "min": 0.0020192000083625317,
      "max": 0.0020192000083625317,
      "p95": 0.0020192000083625317,
      "error_rate": 0.0
    }
  },
  "metrics": {
    "revenue_by_product": [
      0.01412850001361221
    ],
    "run_tool": [
      0.020140599925071,
      0.008414799929596484
    ],
    "cached_run": [
      0.02653130004182458,
      0.014598999987356365
    ],
    "monthly_revenue_by_customer": [
      0.0020192000083625317
    ],
    "generate_insights": [
      2.7221089999657124
    ]
  },
  "error_counts": {}
}