{
  "timestamp": "2026-03-17T11:38:01.158007",
  "stats": {
    "generate_insights": {
      "count": 1,
      "avg": 10.488857500022277,
      "min": 10.488857500022277,
      "max": 10.488857500022277,
      "p95": 10.488857500022277,
      "error_rate": 0.0
    },
    "monthly_growth": {
      "count": 1,
      "avg": 0.055441200034692883,
      "min": 0.055441200034692883,
      "max": 0.055441200034692883,
      "p95": 0.055441200034692883,
      "error_rate": 0.0
    },
    "compute_kpis": {
      "count": 1,
      "avg": 0.019033799995668232,
      "min": 0.019033799995668232,
      "max": 0.019033799995668232,
      "p95": 0.019033799995668232,
      "error_rate": 0.0
    },
    "cached_run": {
      "count": 3,
      "avg": 0.06531153332131605,
      "min": 0.0468064000015147,
      "max": 0.08413279999513179,
      "p95": 0.08413279999513179,
      "error_rate": 0.0
    },
    "detect_revenue_spikes": {
      "count": 1,
      "avg": 0.03568929998436943,
      "min": 0.03568929998436943,
      "max": 0.03568929998436943,
      "p95": 0.03568929998436943,
      "error_rate": 0.0
    },
    "monthly_revenue": {
      "count": 2,
      "avg": 0.03348830001777969,
      "min": 0.025555300002451986,
      "max": 0.0414213000331074,
      "p95": 0.0414213000331074,
      "error_rate": 0.0
    },
    "run_tool": {
      "count": 3,
      "avg": 0.053012866682062544,
      "min": 0.03084710001712665,
      "max": 0.07298940001055598,
      "p95": 0.07298940001055598,
      "error_rate": 0.0
    }
  },
  "metrics": {
    "compute_kpis": [
      0.019033799995668232
    ],
    "run_tool": [
      0.03084710001712665,
      0.07298940001055598,
      0.05520210001850501
    ],
    "cached_run": [
      0.0468064000015147,
      0.08413279999513179,
      0.06499539996730164
    ],
    "monthly_revenue": [
      0.0414213000331074,
      0.025555300002451986
    ],
    "monthly_growth": [
      0.055441200034692883
    ],
    "detect_revenue_spikes": [
      0.03568929998436943
    ],
    "generate_insights": [
      10.488857500022277
    ]
  },
  "error_counts": {}
}