{
  "timestamp": "2026-03-30T11:33:31.226539",
  "stats": {
    "cached_run": {
      "count": 1,
      "avg": 0.07820749900020019,
      "min": 0.07820749900020019,
      "max": 0.07820749900020019,
      "p95": 0.07820749900020019,
      "error_rate": 0.0
    },
    "revenue_by_customer": {
      "count": 1,
      "avg": 0.034159400000135065,
      "min": 0.034159400000135065,
      "max": 0.034159400000135065,
      "p95": 0.034159400000135065,
      "error_rate": 0.0
    },
    "monthly_revenue_by_product": {
      "count": 1,
      "avg": 0.03225468400023601,
      "min": 0.03225468400023601,
      "max": 0.03225468400023601,
      "p95": 0.03225468400023601,
      "error_rate": 0.0
    },
    "revenue_by_product": {
      "count": 2,
      "avg": 0.029335468999988734,
      "min": 0.027017767999950593,
      "max": 0.031653170000026876,
      "p95": 0.031653170000026876,
      "error_rate": 0.0
    },
    "generate_insights": {
      "count": 1,
      "avg": 8.930848731999959,
      "min": 8.930848731999959,
      "max": 8.930848731999959,
      "p95": 8.930848731999959,
      "error_rate": 0.0
    },
    "run_tool": {
      "count": 1,
      "avg": 0.05394387500018638,
      "min": 0.05394387500018638,
      "max": 0.05394387500018638,
      "p95": 0.05394387500018638,
      "error_rate": 0.0
    },
    "monthly_revenue": {
      "count": 2,
      "avg": 0.029483837500038135,
      "min": 0.02640027600000394,
      "max": 0.03256739900007233,
      "p95": 0.03256739900007233,
      "error_rate": 0.0
    },
    "detect_revenue_spikes": {
      "count": 2,
      "avg": 0.04817575300012322,
      "min": 0.041522587000144995,
      "max": 0.05482891900010145,
      "p95": 0.05482891900010145,
      "error_rate": 0.0
    },
    "compute_kpis": {
      "count": 1,
      "avg": 0.022156627999720513,
      "min": 0.022156627999720513,
      "max": 0.022156627999720513,
      "p95": 0.022156627999720513,
      "error_rate": 0.0
    }
  },
  "metrics": {
    "compute_kpis": [
      0.022156627999720513
    ],
    "revenue_by_customer": [
      0.034159400000135065
    ],
    "revenue_by_product": [
      0.031653170000026876,
      0.027017767999950593
    ],
    "monthly_revenue": [
      0.03256739900007233,
      0.02640027600000394
    ],
    "detect_revenue_spikes": [
      0.05482891900010145,
      0.041522587000144995
    ],
    "run_tool": [
      0.05394387500018638
    ],
    "cached_run": [
      0.07820749900020019
    ],
    "monthly_revenue_by_product": [
      0.03225468400023601
    ],
    "generate_insights": [
      8.930848731999959
    ]
  },
  "error_counts": {}
}