{
  "timestamp": "2026-03-16T10:02:44.716255",
  "stats": {
    "run_tool": {
      "count": 1,
      "avg": 0.09400599997024983,
      "min": 0.09400599997024983,
      "max": 0.09400599997024983,
      "p95": 0.09400599997024983,
      "error_rate": 0.0
    },
    "monthly_revenue_by_customer": {
      "count": 1,
      "avg": 0.08231579995481297,
      "min": 0.08231579995481297,
      "max": 0.08231579995481297,
      "p95": 0.08231579995481297,
      "error_rate": 0.0
    },
    "generate_insights": {
      "count": 1,
      "avg": 10.380249999987427,
      "min": 10.380249999987427,
      "max": 10.380249999987427,
      "p95": 10.380249999987427,
      "error_rate": 0.0
    },
    "cached_run": {
      "count": 1,
      "avg": 0.10916260001249611,
      "min": 0.10916260001249611,
      "max": 0.10916260001249611,
      "p95": 0.10916260001249611,
      "error_rate": 0.0
    }
  },
  "metrics": {
    "monthly_revenue_by_customer": [
      0.08231579995481297
    ],
    "run_tool": [
      0.09400599997024983
    ],
    "cached_run": [
      0.10916260001249611
    ],
    "generate_insights": [
      10.380249999987427
    ]
  },
  "error_counts": {}
}