{
  "timestamp": "2026-03-18T13:41:37.295473",
  "stats": {
    "monthly_revenue": {
      "count": 2,
      "avg": 0.01606779993744567,
      "min": 0.014393099932931364,
      "max": 0.017742499941959977,
      "p95": 0.017742499941959977,
      "error_rate": 0.0
    },
    "revenue_by_customer": {
      "count": 1,
      "avg": 0.013951499946415424,
      "min": 0.013951499946415424,
      "max": 0.013951499946415424,
      "p95": 0.013951499946415424,
      "error_rate": 0.0
    },
    "cached_run": {
      "count": 2,
      "avg": 0.04450914997141808,
      "min": 0.0433792999247089,
      "max": 0.04563900001812726,
      "p95": 0.04563900001812726,
      "error_rate": 0.0
    },
    "generate_insights": {
      "count": 2,
      "avg": 6.308358150010463,
      "min": 5.420963900047354,
      "max": 7.195752399973571,
      "p95": 7.195752399973571,
      "error_rate": 0.0
    },
    "compute_kpis": {
      "count": 1,
      "avg": 0.012441699975170195,
      "min": 0.012441699975170195,
      "max": 0.012441699975170195,
      "p95": 0.012441699975170195,
      "error_rate": 0.0
    },
    "run_tool": {
      "count": 2,
      "avg": 0.029826449987012893,
      "min": 0.029517499962821603,
      "max": 0.030135400011204183,
      "p95": 0.030135400011204183,
      "error_rate": 0.0
    },
    "autonomous_run": {
      "count": 1,
      "avg": 8.550496599986218,
      "min": 8.550496599986218,
      "max": 8.550496599986218,
      "p95": 8.550496599986218,
      "error_rate": 0.0
    },
    "detect_revenue_spikes": {
      "count": 1,
      "avg": 0.02600379998330027,
      "min": 0.02600379998330027,
      "max": 0.02600379998330027,
      "p95": 0.02600379998330027,
      "error_rate": 0.0
    },
    "revenue_by_product": {
      "count": 3,
      "avg": 0.014777333320428928,
      "min": 0.012744399951770902,
      "max": 0.01584600005298853,
      "p95": 0.01584600005298853,
      "error_rate": 0.0
    }
  },
  "metrics": {
    "compute_kpis": [
      0.012441699975170195
    ],
    "revenue_by_customer": [
      0.013951499946415424
    ],
    "revenue_by_product": [
      0.012744399951770902,
      0.01584600005298853,
      0.015741599956527352
    ],
    "monthly_revenue": [
      0.017742499941959977,
      0.014393099932931364
    ],
    "detect_revenue_spikes": [
      0.02600379998330027
    ],
    "run_tool": [
      0.029517499962821603,
      0.030135400011204183
    ],
    "cached_run": [
      0.04563900001812726,
      0.0433792999247089
    ],
    "generate_insights": [
      5.420963900047354,
      7.195752399973571
    ],
    "autonomous_run": [
      8.550496599986218
    ]
  },
  "error_counts": {}
}