{
  "timestamp": "2026-03-20T09:20:23.644629",
  "stats": {
    "revenue_by_product": {
      "count": 1,
      "avg": 0.02110819995868951,
      "min": 0.02110819995868951,
      "max": 0.02110819995868951,
      "p95": 0.02110819995868951,
      "error_rate": 0.0
    },
    "cached_run": {
      "count": 2,
      "avg": 0.059648800001014024,
      "min": 0.051335499971173704,
      "max": 0.06796210003085434,
      "p95": 0.06796210003085434,
      "error_rate": 0.0
    },
    "generate_insights": {
      "count": 1,
      "avg": 11.867847200017422,
      "min": 11.867847200017422,
      "max": 11.867847200017422,
      "p95": 11.867847200017422,
      "error_rate": 0.0
    },
    "monthly_revenue_by_product": {
      "count": 1,
      "avg": 0.03873220004606992,
      "min": 0.03873220004606992,
      "max": 0.03873220004606992,
      "p95": 0.03873220004606992,
      "error_rate": 0.0
    },
    "run_tool": {
      "count": 2,
      "avg": 0.04513824998866767,
      "min": 0.036353199975565076,
      "max": 0.05392330000177026,
      "p95": 0.05392330000177026,
      "error_rate": 0.0
    }
  },
  "metrics": {
    "revenue_by_product": [
      0.02110819995868951
    ],
    "run_tool": [
      0.036353199975565076,
      0.05392330000177026
    ],
    "cached_run": [
      0.051335499971173704,
      0.06796210003085434
    ],
    "monthly_revenue_by_product": [
      0.03873220004606992
    ],
    "generate_insights": [
      11.867847200017422
    ]
  },
  "error_counts": {}
}