{
  "timestamp": "2026-03-16T09:33:01.793600",
  "stats": {
    "generate_insights": {
      "count": 1,
      "avg": 6.17824009998003,
      "min": 6.17824009998003,
      "max": 6.17824009998003,
      "p95": 6.17824009998003,
      "error_rate": 0.0
    },
    "run_tool": {
      "count": 1,
      "avg": 0.031187399988994002,
      "min": 0.031187399988994002,
      "max": 0.031187399988994002,
      "p95": 0.031187399988994002,
      "error_rate": 0.0
    },
    "cached_run": {
      "count": 1,
      "avg": 0.041377599991392344,
      "min": 0.041377599991392344,
      "max": 0.041377599991392344,
      "p95": 0.041377599991392344,
      "error_rate": 0.0
    },
    "revenue_by_product": {
      "count": 1,
      "avg": 0.02112610003678128,
      "min": 0.02112610003678128,
      "max": 0.02112610003678128,
      "p95": 0.02112610003678128,
      "error_rate": 0.0
    }
  },
  "metrics": {
    "revenue_by_product": [
      0.02112610003678128
    ],
    "run_tool": [
      0.031187399988994002
    ],
    "cached_run": [
      0.041377599991392344
    ],
    "generate_insights": [
      6.17824009998003
    ]
  },
  "error_counts": {}
}