{
  "timestamp": "2026-03-20T14:59:40.843594",
  "stats": {
    "revenue_by_customer": {
      "count": 1,
      "avg": 0.03668689995538443,
      "min": 0.03668689995538443,
      "max": 0.03668689995538443,
      "p95": 0.03668689995538443,
      "error_rate": 0.0
    },
    "generate_insights": {
      "count": 1,
      "avg": 21.07940290006809,
      "min": 21.07940290006809,
      "max": 21.07940290006809,
      "p95": 21.07940290006809,
      "error_rate": 0.0
    },
    "revenue_by_product": {
      "count": 2,
      "avg": 0.02972260006936267,
      "min": 0.028831100091338158,
      "max": 0.030614100047387183,
      "p95": 0.030614100047387183,
      "error_rate": 0.0
    },
    "compute_kpis": {
      "count": 1,
      "avg": 0.0320555999642238,
      "min": 0.0320555999642238,
      "max": 0.0320555999642238,
      "p95": 0.0320555999642238,
      "error_rate": 0.0
    },
    "monthly_revenue": {
      "count": 2,
      "avg": 0.03341224999167025,
      "min": 0.032726199948228896,
      "max": 0.034098300035111606,
      "p95": 0.034098300035111606,
      "error_rate": 0.0
    },
    "cached_run": {
      "count": 2,
      "avg": 0.07976490003056824,
      "min": 0.07277500000782311,
      "max": 0.08675480005331337,
      "p95": 0.08675480005331337,
      "error_rate": 0.0
    },
    "monthly_revenue_by_product": {
      "count": 1,
      "avg": 0.04642999998759478,
      "min": 0.04642999998759478,
      "max": 0.04642999998759478,
      "p95": 0.04642999998759478,
      "error_rate": 0.0
    },
    "detect_revenue_spikes": {
      "count": 1,
      "avg": 0.05739880003966391,
      "min": 0.05739880003966391,
      "max": 0.05739880003966391,
      "p95": 0.05739880003966391,
      "error_rate": 0.0
    },
    "run_tool": {
      "count": 2,
      "avg": 0.05847270000958815,
      "min": 0.05100269999820739,
      "max": 0.06594270002096891,
      "p95": 0.06594270002096891,
      "error_rate": 0.0
    }
  },
  "metrics": {
    "compute_kpis": [
      0.0320555999642238
    ],
    "revenue_by_customer": [
      0.03668689995538443
    ],
    "revenue_by_product": [
      0.030614100047387183,
      0.028831100091338158
    ],
    "monthly_revenue": [
      0.034098300035111606,
      0.032726199948228896
    ],
    "detect_revenue_spikes": [
      0.05739880003966391
    ],
    "run_tool": [
      0.05100269999820739,
      0.06594270002096891
    ],
    "cached_run": [
      0.07277500000782311,
      0.08675480005331337
    ],
    "monthly_revenue_by_product": [
      0.04642999998759478
    ],
    "generate_insights": [
      21.07940290006809
    ]
  },
  "error_counts": {}
}