{
  "timestamp": "2026-03-20T14:47:18.991413",
  "stats": {
    "revenue_by_product": {
      "count": 1,
      "avg": 0.06815890500001842,
      "min": 0.06815890500001842,
      "max": 0.06815890500001842,
      "p95": 0.06815890500001842,
      "error_rate": 0.0
    },
    "generate_insights": {
      "count": 1,
      "avg": 16.18483338400074,
      "min": 16.18483338400074,
      "max": 16.18483338400074,
      "p95": 16.18483338400074,
      "error_rate": 0.0
    },
    "cached_run": {
      "count": 2,
      "avg": 0.17651984799977072,
      "min": 0.1735131379991799,
      "max": 0.17952655800036155,
      "p95": 0.17952655800036155,
      "error_rate": 0.0
    },
    "monthly_revenue_by_product": {
      "count": 1,
      "avg": 0.06806668100034585,
      "min": 0.06806668100034585,
      "max": 0.06806668100034585,
      "p95": 0.06806668100034585,
      "error_rate": 0.0
    },
    "run_tool": {
      "count": 2,
      "avg": 0.12338423649998731,
      "min": 0.11378234299991163,
      "max": 0.13298613000006299,
      "p95": 0.13298613000006299,
      "error_rate": 0.0
    }
  },
  "metrics": {
    "revenue_by_product": [
      0.06815890500001842
    ],
    "run_tool": [
      0.13298613000006299,
      0.11378234299991163
    ],
    "cached_run": [
      0.17952655800036155,
      0.1735131379991799
    ],
    "monthly_revenue_by_product": [
      0.06806668100034585
    ],
    "generate_insights": [
      16.18483338400074
    ]
  },
  "error_counts": {}
}