{
  "timestamp": "2026-03-17T13:55:17.599743",
  "stats": {
    "generate_insights": {
      "count": 1,
      "avg": 8.237635800032876,
      "min": 8.237635800032876,
      "max": 8.237635800032876,
      "p95": 8.237635800032876,
      "error_rate": 0.0
    },
    "revenue_by_product": {
      "count": 1,
      "avg": 0.025638199993409216,
      "min": 0.025638199993409216,
      "max": 0.025638199993409216,
      "p95": 0.025638199993409216,
      "error_rate": 0.0
    },
    "cached_run": {
      "count": 1,
      "avg": 0.051911399932578206,
      "min": 0.051911399932578206,
      "max": 0.051911399932578206,
      "p95": 0.051911399932578206,
      "error_rate": 0.0
    },
    "run_tool": {
      "count": 1,
      "avg": 0.039478000020608306,
      "min": 0.039478000020608306,
      "max": 0.039478000020608306,
      "p95": 0.039478000020608306,
      "error_rate": 0.0
    }
  },
  "metrics": {
    "revenue_by_product": [
      0.025638199993409216
    ],
    "run_tool": [
      0.039478000020608306
    ],
    "cached_run": [
      0.051911399932578206
    ],
    "generate_insights": [
      8.237635800032876
    ]
  },
  "error_counts": {}
}