{
  "timestamp": "2026-03-18T13:40:50.604461",
  "stats": {
    "monthly_revenue": {
      "count": 2,
      "avg": 0.01606779993744567,
      "min": 0.014393099932931364,
      "max": 0.017742499941959977,
      "p95": 0.017742499941959977,
      "error_rate": 0.0
    },
    "revenue_by_customer": {
      "count": 1,
      "avg": 0.013951499946415424,
      "min": 0.013951499946415424,
      "max": 0.013951499946415424,
      "p95": 0.013951499946415424,
      "error_rate": 0.0
    },
    "cached_run": {
      "count": 1,
      "avg": 0.04563900001812726,
      "min": 0.04563900001812726,
      "max": 0.04563900001812726,
      "p95": 0.04563900001812726,
      "error_rate": 0.0
    },
    "generate_insights": {
      "count": 1,
      "avg": 5.420963900047354,
      "min": 5.420963900047354,
      "max": 5.420963900047354,
      "p95": 5.420963900047354,
      "error_rate": 0.0
    },
    "compute_kpis": {
      "count": 1,
      "avg": 0.012441699975170195,
      "min": 0.012441699975170195,
      "max": 0.012441699975170195,
      "p95": 0.012441699975170195,
      "error_rate": 0.0
    },
    "run_tool": {
      "count": 1,
      "avg": 0.029517499962821603,
      "min": 0.029517499962821603,
      "max": 0.029517499962821603,
      "p95": 0.029517499962821603,
      "error_rate": 0.0
    },
    "detect_revenue_spikes": {
      "count": 1,
      "avg": 0.02600379998330027,
      "min": 0.02600379998330027,
      "max": 0.02600379998330027,
      "p95": 0.02600379998330027,
      "error_rate": 0.0
    },
    "revenue_by_product": {
      "count": 2,
      "avg": 0.014295200002379715,
      "min": 0.012744399951770902,
      "max": 0.01584600005298853,
      "p95": 0.01584600005298853,
      "error_rate": 0.0
    }
  },
  "metrics": {
    "compute_kpis": [
      0.012441699975170195
    ],
    "revenue_by_customer": [
      0.013951499946415424
    ],
    "revenue_by_product": [
      0.012744399951770902,
      0.01584600005298853
    ],
    "monthly_revenue": [
      0.017742499941959977,
      0.014393099932931364
    ],
    "detect_revenue_spikes": [
      0.02600379998330027
    ],
    "run_tool": [
      0.029517499962821603
    ],
    "cached_run": [
      0.04563900001812726
    ],
    "generate_insights": [
      5.420963900047354
    ]
  },
  "error_counts": {}
}