{
  "timestamp": "2026-03-20T08:27:31.007539",
  "stats": {
    "compute_kpis": {
      "count": 1,
      "avg": 0.012460600002668798,
      "min": 0.012460600002668798,
      "max": 0.012460600002668798,
      "p95": 0.012460600002668798,
      "error_rate": 0.0
    },
    "detect_revenue_spikes": {
      "count": 1,
      "avg": 0.03186540002934635,
      "min": 0.03186540002934635,
      "max": 0.03186540002934635,
      "p95": 0.03186540002934635,
      "error_rate": 0.0
    },
    "generate_insights": {
      "count": 1,
      "avg": 2.240807899972424,
      "min": 2.240807899972424,
      "max": 2.240807899972424,
      "p95": 2.240807899972424,
      "error_rate": 0.0
    },
    "revenue_by_product": {
      "count": 1,
      "avg": 0.016203699982725084,
      "min": 0.016203699982725084,
      "max": 0.016203699982725084,
      "p95": 0.016203699982725084,
      "error_rate": 0.0
    },
    "revenue_by_customer": {
      "count": 1,
      "avg": 0.01807989994995296,
      "min": 0.01807989994995296,
      "max": 0.01807989994995296,
      "p95": 0.01807989994995296,
      "error_rate": 0.0
    },
    "monthly_revenue": {
      "count": 2,
      "avg": 0.030892400012817234,
      "min": 0.01852000004146248,
      "max": 0.04326479998417199,
      "p95": 0.04326479998417199,
      "error_rate": 0.0
    }
  },
  "metrics": {
    "compute_kpis": [
      0.012460600002668798
    ],
    "revenue_by_customer": [
      0.01807989994995296
    ],
    "revenue_by_product": [
      0.016203699982725084
    ],
    "monthly_revenue": [
      0.04326479998417199,
      0.01852000004146248
    ],
    "detect_revenue_spikes": [
      0.03186540002934635
    ],
    "generate_insights": [
      2.240807899972424
    ]
  },
  "error_counts": {}
}