{
  "timestamp": "2026-03-17T14:14:13.027449",
  "stats": {
    "run_tool": {
      "count": 1,
      "avg": 0.033365100040100515,
      "min": 0.033365100040100515,
      "max": 0.033365100040100515,
      "p95": 0.033365100040100515,
      "error_rate": 0.0
    },
    "cached_run": {
      "count": 1,
      "avg": 0.047301099984906614,
      "min": 0.047301099984906614,
      "max": 0.047301099984906614,
      "p95": 0.047301099984906614,
      "error_rate": 0.0
    },
    "revenue_by_product": {
      "count": 1,
      "avg": 0.018135500024072826,
      "min": 0.018135500024072826,
      "max": 0.018135500024072826,
      "p95": 0.018135500024072826,
      "error_rate": 0.0
    },
    "generate_insights": {
      "count": 1,
      "avg": 6.266948999953456,
      "min": 6.266948999953456,
      "max": 6.266948999953456,
      "p95": 6.266948999953456,
      "error_rate": 0.0
    }
  },
  "metrics": {
    "revenue_by_product": [
      0.018135500024072826
    ],
    "run_tool": [
      0.033365100040100515
    ],
    "cached_run": [
      0.047301099984906614
    ],
    "generate_insights": [
      6.266948999953456
    ]
  },
  "error_counts": {}
}