{
  "timestamp": "2026-03-20T13:57:43.635489",
  "stats": {
    "cached_run": {
      "count": 2,
      "avg": 0.1062252710003122,
      "min": 0.09102840600007767,
      "max": 0.12142213600054674,
      "p95": 0.12142213600054674,
      "error_rate": 0.0
    },
    "detect_revenue_spikes": {
      "count": 1,
      "avg": 0.07245015999978932,
      "min": 0.07245015999978932,
      "max": 0.07245015999978932,
      "p95": 0.07245015999978932,
      "error_rate": 0.0
    },
    "compute_kpis": {
      "count": 1,
      "avg": 0.03312567600005423,
      "min": 0.03312567600005423,
      "max": 0.03312567600005423,
      "p95": 0.03312567600005423,
      "error_rate": 0.0
    },
    "generate_insights": {
      "count": 2,
      "avg": 4.936470701999497,
      "min": 4.733487398999387,
      "max": 5.139454004999607,
      "p95": 5.139454004999607,
      "error_rate": 0.0
    },
    "monthly_revenue": {
      "count": 2,
      "avg": 0.040946684000118694,
      "min": 0.036795168000026024,
      "max": 0.045098200000211364,
      "p95": 0.045098200000211364,
      "error_rate": 0.0
    },
    "revenue_by_product": {
      "count": 3,
      "avg": 0.03748271400005857,
      "min": 0.03085409300001629,
      "max": 0.04466197700003249,
      "p95": 0.04466197700003249,
      "error_rate": 0.0
    },
    "run_tool": {
      "count": 2,
      "avg": 0.07336738450021585,
      "min": 0.06362482700023975,
      "max": 0.08310994200019195,
      "p95": 0.08310994200019195,
      "error_rate": 0.0
    },
    "autonomous_run": {
      "count": 1,
      "avg": 7.68213995699989,
      "min": 7.68213995699989,
      "max": 7.68213995699989,
      "p95": 7.68213995699989,
      "error_rate": 0.0
    },
    "revenue_by_customer": {
      "count": 1,
      "avg": 0.043440516000373464,
      "min": 0.043440516000373464,
      "max": 0.043440516000373464,
      "p95": 0.043440516000373464,
      "error_rate": 0.0
    }
  },
  "metrics": {
    "compute_kpis": [
      0.03312567600005423
    ],
    "revenue_by_customer": [
      0.043440516000373464
    ],
    "revenue_by_product": [
      0.03085409300001629,
      0.036932072000126936,
      0.04466197700003249
    ],
    "monthly_revenue": [
      0.045098200000211364,
      0.036795168000026024
    ],
    "detect_revenue_spikes": [
      0.07245015999978932
    ],
    "run_tool": [
      0.06362482700023975,
      0.08310994200019195
    ],
    "cached_run": [
      0.09102840600007767,
      0.12142213600054674
    ],
    "generate_insights": [
      5.139454004999607,
      4.733487398999387
    ],
    "autonomous_run": [
      7.68213995699989
    ]
  },
  "error_counts": {}
}