{
  "timestamp": "2026-03-16T12:40:23.198297",
  "stats": {
    "autonomous_run": {
      "count": 2,
      "avg": 8.523132300004363,
      "min": 7.199709300009999,
      "max": 9.846555299998727,
      "p95": 9.846555299998727,
      "error_rate": 0.0
    },
    "run_tool": {
      "count": 5,
      "avg": 0.06048432000679895,
      "min": 0.0327402000548318,
      "max": 0.07744649995584041,
      "p95": 0.07744649995584041,
      "error_rate": 0.0
    },
    "generate_insights": {
      "count": 3,
      "avg": 7.966933666650827,
      "min": 5.225939599971753,
      "max": 12.820754599990323,
      "p95": 12.820754599990323,
      "error_rate": 0.0
    },
    "revenue_by_customer": {
      "count": 1,
      "avg": 0.021833200007677078,
      "min": 0.021833200007677078,
      "max": 0.021833200007677078,
      "p95": 0.021833200007677078,
      "error_rate": 0.0
    },
    "monthly_revenue_by_customer": {
      "count": 3,
      "avg": 0.055531566652158894,
      "min": 0.054523700033314526,
      "max": 0.056409799959510565,
      "p95": 0.056409799959510565,
      "error_rate": 0.0
    },
    "cached_run": {
      "count": 5,
      "avg": 0.08003741999855266,
      "min": 0.05204719997709617,
      "max": 0.0973496999940835,
      "p95": 0.0973496999940835,
      "error_rate": 0.0
    },
    "revenue_by_product": {
      "count": 1,
      "avg": 0.014374000020325184,
      "min": 0.014374000020325184,
      "max": 0.014374000020325184,
      "p95": 0.014374000020325184,
      "error_rate": 0.0
    }
  },
  "metrics": {
    "monthly_revenue_by_customer": [
      0.054523700033314526,
      0.056409799959510565,
      0.0556611999636516
    ],
    "run_tool": [
      0.07434019999345765,
      0.0416566000203602,
      0.07744649995584041,
      0.0327402000548318,
      0.0762381000095047
    ],
    "cached_run": [
      0.09415040002204478,
      0.06052759999874979,
      0.0973496999940835,
      0.05204719997709617,
      0.09611220000078902
    ],
    "generate_insights": [
      5.225939599971753,
      5.854106799990404,
      12.820754599990323
    ],
    "autonomous_run": [
      7.199709300009999,
      9.846555299998727
    ],
    "revenue_by_customer": [
      0.021833200007677078
    ],
    "revenue_by_product": [
      0.014374000020325184
    ]
  },
  "error_counts": {}
}