{
  "timestamp": "2026-03-16T12:39:31.574292",
  "stats": {
    "autonomous_run": {
      "count": 1,
      "avg": 7.199709300009999,
      "min": 7.199709300009999,
      "max": 7.199709300009999,
      "p95": 7.199709300009999,
      "error_rate": 0.0
    },
    "run_tool": {
      "count": 3,
      "avg": 0.06448109998988609,
      "min": 0.0416566000203602,
      "max": 0.07744649995584041,
      "p95": 0.07744649995584041,
      "error_rate": 0.0
    },
    "generate_insights": {
      "count": 2,
      "avg": 5.5400231999810785,
      "min": 5.225939599971753,
      "max": 5.854106799990404,
      "p95": 5.854106799990404,
      "error_rate": 0.0
    },
    "revenue_by_customer": {
      "count": 1,
      "avg": 0.021833200007677078,
      "min": 0.021833200007677078,
      "max": 0.021833200007677078,
      "p95": 0.021833200007677078,
      "error_rate": 0.0
    },
    "monthly_revenue_by_customer": {
      "count": 2,
      "avg": 0.055466749996412545,
      "min": 0.054523700033314526,
      "max": 0.056409799959510565,
      "p95": 0.056409799959510565,
      "error_rate": 0.0
    },
    "cached_run": {
      "count": 3,
      "avg": 0.08400923333829269,
      "min": 0.06052759999874979,
      "max": 0.0973496999940835,
      "p95": 0.0973496999940835,
      "error_rate": 0.0
    }
  },
  "metrics": {
    "monthly_revenue_by_customer": [
      0.054523700033314526,
      0.056409799959510565
    ],
    "run_tool": [
      0.07434019999345765,
      0.0416566000203602,
      0.07744649995584041
    ],
    "cached_run": [
      0.09415040002204478,
      0.06052759999874979,
      0.0973496999940835
    ],
    "generate_insights": [
      5.225939599971753,
      5.854106799990404
    ],
    "autonomous_run": [
      7.199709300009999
    ],
    "revenue_by_customer": [
      0.021833200007677078
    ]
  },
  "error_counts": {}
}