{
  "timestamp": "2026-03-20T09:21:30.600518",
  "stats": {
    "revenue_by_product": {
      "count": 2,
      "avg": 0.020545049977954477,
      "min": 0.019981899997219443,
      "max": 0.02110819995868951,
      "p95": 0.02110819995868951,
      "error_rate": 0.0
    },
    "cached_run": {
      "count": 4,
      "avg": 0.06360989998211153,
      "min": 0.051335499971173704,
      "max": 0.08009289996698499,
      "p95": 0.08009289996698499,
      "error_rate": 0.0
    },
    "autonomous_run": {
      "count": 1,
      "avg": 14.89555650006514,
      "min": 14.89555650006514,
      "max": 14.89555650006514,
      "p95": 14.89555650006514,
      "error_rate": 0.0
    },
    "generate_insights": {
      "count": 2,
      "avg": 16.188527450023685,
      "min": 11.867847200017422,
      "max": 20.509207700029947,
      "p95": 20.509207700029947,
      "error_rate": 0.0
    },
    "monthly_revenue_by_product": {
      "count": 2,
      "avg": 0.04289120004978031,
      "min": 0.03873220004606992,
      "max": 0.0470502000534907,
      "p95": 0.0470502000534907,
      "error_rate": 0.0
    },
    "run_tool": {
      "count": 4,
      "avg": 0.047573824995197356,
      "min": 0.036353199975565076,
      "max": 0.06226889998652041,
      "p95": 0.06226889998652041,
      "error_rate": 0.0
    }
  },
  "metrics": {
    "revenue_by_product": [
      0.02110819995868951,
      0.019981899997219443
    ],
    "run_tool": [
      0.036353199975565076,
      0.05392330000177026,
      0.03774990001693368,
      0.06226889998652041
    ],
    "cached_run": [
      0.051335499971173704,
      0.06796210003085434,
      0.05504909995943308,
      0.08009289996698499
    ],
    "monthly_revenue_by_product": [
      0.03873220004606992,
      0.0470502000534907
    ],
    "generate_insights": [
      11.867847200017422,
      20.509207700029947
    ],
    "autonomous_run": [
      14.89555650006514
    ]
  },
  "error_counts": {}
}