{
  "timestamp": "2026-03-16T12:50:22.228444",
  "stats": {
    "revenue_by_customer": {
      "count": 1,
      "avg": 0.02540840004803613,
      "min": 0.02540840004803613,
      "max": 0.02540840004803613,
      "p95": 0.02540840004803613,
      "error_rate": 0.0
    },
    "generate_insights": {
      "count": 1,
      "avg": 4.449094199982937,
      "min": 4.449094199982937,
      "max": 4.449094199982937,
      "p95": 4.449094199982937,
      "error_rate": 0.0
    },
    "run_tool": {
      "count": 2,
      "avg": 0.06564220000291243,
      "min": 0.048403199994936585,
      "max": 0.08288120001088828,
      "p95": 0.08288120001088828,
      "error_rate": 0.0
    },
    "cached_run": {
      "count": 2,
      "avg": 0.08822354997391813,
      "min": 0.07288299995707348,
      "max": 0.10356409999076277,
      "p95": 0.10356409999076277,
      "error_rate": 0.0
    },
    "monthly_revenue_by_customer": {
      "count": 1,
      "avg": 0.05901530000846833,
      "min": 0.05901530000846833,
      "max": 0.05901530000846833,
      "p95": 0.05901530000846833,
      "error_rate": 0.0
    }
  },
  "metrics": {
    "revenue_by_customer": [
      0.02540840004803613
    ],
    "run_tool": [
      0.048403199994936585,
      0.08288120001088828
    ],
    "cached_run": [
      0.07288299995707348,
      0.10356409999076277
    ],
    "monthly_revenue_by_customer": [
      0.05901530000846833
    ],
    "generate_insights": [
      4.449094199982937
    ]
  },
  "error_counts": {}
}