{
  "timestamp": "2026-03-20T14:25:58.956382",
  "stats": {
    "generate_insights": {
      "count": 2,
      "avg": 13.82690925550014,
      "min": 4.479606487000638,
      "max": 23.174212023999644,
      "p95": 23.174212023999644,
      "error_rate": 0.0
    },
    "revenue_by_product": {
      "count": 2,
      "avg": 0.04401279149988113,
      "min": 0.04276226699948893,
      "max": 0.045263316000273335,
      "p95": 0.045263316000273335,
      "error_rate": 0.0
    },
    "autonomous_run": {
      "count": 1,
      "avg": 25.953507094000088,
      "min": 25.953507094000088,
      "max": 25.953507094000088,
      "p95": 25.953507094000088,
      "error_rate": 0.0
    },
    "monthly_revenue_by_product": {
      "count": 1,
      "avg": 0.050854907000029925,
      "min": 0.050854907000029925,
      "max": 0.050854907000029925,
      "p95": 0.050854907000029925,
      "error_rate": 0.0
    },
    "run_tool": {
      "count": 3,
      "avg": 0.09009446933365932,
      "min": 0.08289566799976456,
      "max": 0.10359781900115195,
      "p95": 0.10359781900115195,
      "error_rate": 0.0
    },
    "cached_run": {
      "count": 3,
      "avg": 0.13270224666727395,
      "min": 0.11586946500028716,
      "max": 0.15088208400084113,
      "p95": 0.15088208400084113,
      "error_rate": 0.0
    }
  },
  "metrics": {
    "revenue_by_product": [
      0.045263316000273335,
      0.04276226699948893
    ],
    "run_tool": [
      0.08378992100006144,
      0.10359781900115195,
      0.08289566799976456
    ],
    "cached_run": [
      0.1313551910006936,
      0.15088208400084113,
      0.11586946500028716
    ],
    "monthly_revenue_by_product": [
      0.050854907000029925
    ],
    "generate_insights": [
      23.174212023999644,
      4.479606487000638
    ],
    "autonomous_run": [
      25.953507094000088
    ]
  },
  "error_counts": {}
}