{
  "timestamp": "2026-03-20T08:52:46.756139",
  "stats": {
    "revenue_by_product": {
      "count": 1,
      "avg": 0.012978100101463497,
      "min": 0.012978100101463497,
      "max": 0.012978100101463497,
      "p95": 0.012978100101463497,
      "error_rate": 0.0
    },
    "run_tool": {
      "count": 2,
      "avg": 0.031772850023116916,
      "min": 0.02392479998525232,
      "max": 0.03962090006098151,
      "p95": 0.03962090006098151,
      "error_rate": 0.0
    },
    "cached_run": {
      "count": 2,
      "avg": 0.042166249942965806,
      "min": 0.03409619990270585,
      "max": 0.05023629998322576,
      "p95": 0.05023629998322576,
      "error_rate": 0.0
    },
    "generate_insights": {
      "count": 1,
      "avg": 14.179425200098194,
      "min": 14.179425200098194,
      "max": 14.179425200098194,
      "p95": 14.179425200098194,
      "error_rate": 0.0
    },
    "monthly_revenue_by_customer": {
      "count": 1,
      "avg": 0.029206300037913024,
      "min": 0.029206300037913024,
      "max": 0.029206300037913024,
      "p95": 0.029206300037913024,
      "error_rate": 0.0
    }
  },
  "metrics": {
    "revenue_by_product": [
      0.012978100101463497
    ],
    "run_tool": [
      0.02392479998525232,
      0.03962090006098151
    ],
    "cached_run": [
      0.03409619990270585,
      0.05023629998322576
    ],
    "monthly_revenue_by_customer": [
      0.029206300037913024
    ],
    "generate_insights": [
      14.179425200098194
    ]
  },
  "error_counts": {}
}