{
  "timestamp": "2026-03-20T13:56:53.369540",
  "stats": {
    "cached_run": {
      "count": 1,
      "avg": 0.09102840600007767,
      "min": 0.09102840600007767,
      "max": 0.09102840600007767,
      "p95": 0.09102840600007767,
      "error_rate": 0.0
    },
    "detect_revenue_spikes": {
      "count": 1,
      "avg": 0.07245015999978932,
      "min": 0.07245015999978932,
      "max": 0.07245015999978932,
      "p95": 0.07245015999978932,
      "error_rate": 0.0
    },
    "compute_kpis": {
      "count": 1,
      "avg": 0.03312567600005423,
      "min": 0.03312567600005423,
      "max": 0.03312567600005423,
      "p95": 0.03312567600005423,
      "error_rate": 0.0
    },
    "generate_insights": {
      "count": 1,
      "avg": 5.139454004999607,
      "min": 5.139454004999607,
      "max": 5.139454004999607,
      "p95": 5.139454004999607,
      "error_rate": 0.0
    },
    "monthly_revenue": {
      "count": 2,
      "avg": 0.040946684000118694,
      "min": 0.036795168000026024,
      "max": 0.045098200000211364,
      "p95": 0.045098200000211364,
      "error_rate": 0.0
    },
    "revenue_by_product": {
      "count": 2,
      "avg": 0.033893082500071614,
      "min": 0.03085409300001629,
      "max": 0.036932072000126936,
      "p95": 0.036932072000126936,
      "error_rate": 0.0
    },
    "run_tool": {
      "count": 1,
      "avg": 0.06362482700023975,
      "min": 0.06362482700023975,
      "max": 0.06362482700023975,
      "p95": 0.06362482700023975,
      "error_rate": 0.0
    },
    "revenue_by_customer": {
      "count": 1,
      "avg": 0.043440516000373464,
      "min": 0.043440516000373464,
      "max": 0.043440516000373464,
      "p95": 0.043440516000373464,
      "error_rate": 0.0
    }
  },
  "metrics": {
    "compute_kpis": [
      0.03312567600005423
    ],
    "revenue_by_customer": [
      0.043440516000373464
    ],
    "revenue_by_product": [
      0.03085409300001629,
      0.036932072000126936
    ],
    "monthly_revenue": [
      0.045098200000211364,
      0.036795168000026024
    ],
    "detect_revenue_spikes": [
      0.07245015999978932
    ],
    "run_tool": [
      0.06362482700023975
    ],
    "cached_run": [
      0.09102840600007767
    ],
    "generate_insights": [
      5.139454004999607
    ]
  },
  "error_counts": {}
}