{
  "timestamp": "2026-03-20T15:05:44.656496",
  "stats": {
    "cached_run": {
      "count": 5,
      "avg": 0.15651137080021726,
      "min": 0.14464495700121915,
      "max": 0.16713934799918206,
      "p95": 0.16713934799918206,
      "error_rate": 0.0
    },
    "monthly_revenue_by_product": {
      "count": 2,
      "avg": 0.053032408998660685,
      "min": 0.05238411899881612,
      "max": 0.05368069899850525,
      "p95": 0.05368069899850525,
      "error_rate": 0.0
    },
    "run_tool": {
      "count": 5,
      "avg": 0.10607785479987797,
      "min": 0.10053610599970852,
      "max": 0.11048326099989936,
      "p95": 0.11048326099989936,
      "error_rate": 0.0
    },
    "compute_kpis": {
      "count": 3,
      "avg": 0.060541032999632684,
      "min": 0.044031792000168934,
      "max": 0.08813769599873922,
      "p95": 0.08813769599873922,
      "error_rate": 0.0
    },
    "revenue_by_customer": {
      "count": 3,
      "avg": 0.050983073666429846,
      "min": 0.04670890499983216,
      "max": 0.053990038999472745,
      "p95": 0.053990038999472745,
      "error_rate": 0.0
    },
    "generate_insights": {
      "count": 3,
      "avg": 15.646605052665715,
      "min": 6.204050282998651,
      "max": 20.375202065999474,
      "p95": 20.375202065999474,
      "error_rate": 0.0
    },
    "autonomous_run": {
      "count": 2,
      "avg": 15.476121257000159,
      "min": 8.130468829000165,
      "max": 22.821773685000153,
      "p95": 22.821773685000153,
      "error_rate": 0.0
    },
    "revenue_by_product": {
      "count": 6,
      "avg": 0.05020928233352606,
      "min": 0.042131528000027174,
      "max": 0.05512237400034792,
      "p95": 0.05512237400034792,
      "error_rate": 0.0
    },
    "detect_revenue_spikes": {
      "count": 3,
      "avg": 0.09367135666616377,
      "min": 0.08747727199988731,
      "max": 0.09893567699873529,
      "p95": 0.09893567699873529,
      "error_rate": 0.0
    },
    "monthly_revenue": {
      "count": 6,
      "avg": 0.05149105616662079,
      "min": 0.03854801999841584,
      "max": 0.07423296100023435,
      "p95": 0.07423296100023435,
      "error_rate": 0.0
    }
  },
  "metrics": {
    "compute_kpis": [
      0.044031792000168934,
      0.08813769599873922,
      0.049453610999989905
    ],
    "revenue_by_customer": [
      0.04670890499983216,
      0.053990038999472745,
      0.052250276999984635
    ],
    "revenue_by_product": [
      0.042131528000027174,
      0.054101879000882036,
      0.05032252199998766,
      0.053300988000046345,
      0.04627640299986524,
      0.05512237400034792
    ],
    "monthly_revenue": [
      0.03854801999841584,
      0.04506208000020706,
      0.07423296100023435,
      0.056789621001371415,
      0.044965319999391795,
      0.04934833500010427
    ],
    "detect_revenue_spikes": [
      0.08747727199988731,
      0.09460112099986873,
      0.09893567699873529
    ],
    "run_tool": [
      0.11048326099989936,
      0.10053610599970852,
      0.1007261840004503,
      0.10984911299965461,
      0.10879460999967705
    ],
    "cached_run": [
      0.15630752499964728,
      0.14464495700121915,
      0.15378384399991774,
      0.16713934799918206,
      0.16068118000112008
    ],
    "monthly_revenue_by_product": [
      0.05368069899850525,
      0.05238411899881612
    ],
    "generate_insights": [
      20.36056280899902,
      6.204050282998651,
      20.375202065999474
    ],
    "autonomous_run": [
      22.821773685000153,
      8.130468829000165
    ]
  },
  "error_counts": {}
}