{
  "timestamp": "2026-03-18T12:37:16.305438",
  "stats": {
    "cached_run": {
      "count": 1,
      "avg": 0.03384159994311631,
      "min": 0.03384159994311631,
      "max": 0.03384159994311631,
      "p95": 0.03384159994311631,
      "error_rate": 0.0
    },
    "monthly_revenue": {
      "count": 2,
      "avg": 0.02993710001464933,
      "min": 0.018519600038416684,
      "max": 0.04135459999088198,
      "p95": 0.04135459999088198,
      "error_rate": 0.0
    },
    "detect_revenue_spikes": {
      "count": 1,
      "avg": 0.03308069997001439,
      "min": 0.03308069997001439,
      "max": 0.03308069997001439,
      "p95": 0.03308069997001439,
      "error_rate": 0.0
    },
    "revenue_by_product": {
      "count": 2,
      "avg": 0.012976899975910783,
      "min": 0.012258499977178872,
      "max": 0.013695299974642694,
      "p95": 0.013695299974642694,
      "error_rate": 0.0
    },
    "revenue_by_customer": {
      "count": 1,
      "avg": 0.024897699942812324,
      "min": 0.024897699942812324,
      "max": 0.024897699942812324,
      "p95": 0.024897699942812324,
      "error_rate": 0.0
    },
    "generate_insights": {
      "count": 1,
      "avg": 6.3427600000286475,
      "min": 6.3427600000286475,
      "max": 6.3427600000286475,
      "p95": 6.3427600000286475,
      "error_rate": 0.0
    },
    "compute_kpis": {
      "count": 1,
      "avg": 0.015809600008651614,
      "min": 0.015809600008651614,
      "max": 0.015809600008651614,
      "p95": 0.015809600008651614,
      "error_rate": 0.0
    },
    "run_tool": {
      "count": 1,
      "avg": 0.023696299991570413,
      "min": 0.023696299991570413,
      "max": 0.023696299991570413,
      "p95": 0.023696299991570413,
      "error_rate": 0.0
    }
  },
  "metrics": {
    "compute_kpis": [
      0.015809600008651614
    ],
    "revenue_by_customer": [
      0.024897699942812324
    ],
    "revenue_by_product": [
      0.012258499977178872,
      0.013695299974642694
    ],
    "monthly_revenue": [
      0.04135459999088198,
      0.018519600038416684
    ],
    "detect_revenue_spikes": [
      0.03308069997001439
    ],
    "run_tool": [
      0.023696299991570413
    ],
    "cached_run": [
      0.03384159994311631
    ],
    "generate_insights": [
      6.3427600000286475
    ]
  },
  "error_counts": {}
}