{
  "timestamp": "2026-03-17T09:14:13.825007",
  "stats": {
    "cached_run": {
      "count": 2,
      "avg": 0.06917930001509376,
      "min": 0.035474899981636554,
      "max": 0.10288370004855096,
      "p95": 0.10288370004855096,
      "error_rate": 0.0
    },
    "revenue_by_product": {
      "count": 1,
      "avg": 0.01364110002759844,
      "min": 0.01364110002759844,
      "max": 0.01364110002759844,
      "p95": 0.01364110002759844,
      "error_rate": 0.0
    },
    "autonomous_run": {
      "count": 1,
      "avg": 8.091010499978438,
      "min": 8.091010499978438,
      "max": 8.091010499978438,
      "p95": 8.091010499978438,
      "error_rate": 0.0
    },
    "generate_insights": {
      "count": 2,
      "avg": 7.174669200001517,
      "min": 6.8160107000148855,
      "max": 7.533327699988149,
      "p95": 7.533327699988149,
      "error_rate": 0.0
    },
    "run_tool": {
      "count": 2,
      "avg": 0.059001950023230165,
      "min": 0.02453520003473386,
      "max": 0.09346870001172647,
      "p95": 0.09346870001172647,
      "error_rate": 0.0
    },
    "monthly_revenue_by_customer": {
      "count": 1,
      "avg": 0.08375140000134706,
      "min": 0.08375140000134706,
      "max": 0.08375140000134706,
      "p95": 0.08375140000134706,
      "error_rate": 0.0
    }
  },
  "metrics": {
    "monthly_revenue_by_customer": [
      0.08375140000134706
    ],
    "run_tool": [
      0.09346870001172647,
      0.02453520003473386
    ],
    "cached_run": [
      0.10288370004855096,
      0.035474899981636554
    ],
    "generate_insights": [
      6.8160107000148855,
      7.533327699988149
    ],
    "autonomous_run": [
      8.091010499978438
    ],
    "revenue_by_product": [
      0.01364110002759844
    ]
  },
  "error_counts": {}
}