{
  "timestamp": "2026-03-18T13:46:43.814876",
  "stats": {
    "monthly_revenue": {
      "count": 2,
      "avg": 0.01606779993744567,
      "min": 0.014393099932931364,
      "max": 0.017742499941959977,
      "p95": 0.017742499941959977,
      "error_rate": 0.0
    },
    "revenue_by_customer": {
      "count": 1,
      "avg": 0.013951499946415424,
      "min": 0.013951499946415424,
      "max": 0.013951499946415424,
      "p95": 0.013951499946415424,
      "error_rate": 0.0
    },
    "cached_run": {
      "count": 3,
      "avg": 0.04813766661876192,
      "min": 0.0433792999247089,
      "max": 0.055394699913449585,
      "p95": 0.055394699913449585,
      "error_rate": 0.0
    },
    "generate_insights": {
      "count": 3,
      "avg": 6.2595924333436415,
      "min": 5.420963900047354,
      "max": 7.195752399973571,
      "p95": 7.195752399973571,
      "error_rate": 0.0
    },
    "compute_kpis": {
      "count": 1,
      "avg": 0.012441699975170195,
      "min": 0.012441699975170195,
      "max": 0.012441699975170195,
      "p95": 0.012441699975170195,
      "error_rate": 0.0
    },
    "run_tool": {
      "count": 3,
      "avg": 0.03410679998341948,
      "min": 0.029517499962821603,
      "max": 0.04266749997623265,
      "p95": 0.04266749997623265,
      "error_rate": 0.0
    },
    "autonomous_run": {
      "count": 2,
      "avg": 9.058294549991842,
      "min": 8.550496599986218,
      "max": 9.566092499997467,
      "p95": 9.566092499997467,
      "error_rate": 0.0
    },
    "detect_revenue_spikes": {
      "count": 1,
      "avg": 0.02600379998330027,
      "min": 0.02600379998330027,
      "max": 0.02600379998330027,
      "p95": 0.02600379998330027,
      "error_rate": 0.0
    },
    "revenue_by_product": {
      "count": 4,
      "avg": 0.01846274998388253,
      "min": 0.012744399951770902,
      "max": 0.029518999974243343,
      "p95": 0.029518999974243343,
      "error_rate": 0.0
    }
  },
  "metrics": {
    "compute_kpis": [
      0.012441699975170195
    ],
    "revenue_by_customer": [
      0.013951499946415424
    ],
    "revenue_by_product": [
      0.012744399951770902,
      0.01584600005298853,
      0.015741599956527352,
      0.029518999974243343
    ],
    "monthly_revenue": [
      0.017742499941959977,
      0.014393099932931364
    ],
    "detect_revenue_spikes": [
      0.02600379998330027
    ],
    "run_tool": [
      0.029517499962821603,
      0.030135400011204183,
      0.04266749997623265
    ],
    "cached_run": [
      0.04563900001812726,
      0.0433792999247089,
      0.055394699913449585
    ],
    "generate_insights": [
      5.420963900047354,
      7.195752399973571,
      6.162061000009999
    ],
    "autonomous_run": [
      8.550496599986218,
      9.566092499997467
    ]
  },
  "error_counts": {}
}