{
  "timestamp": "2026-03-17T09:08:53.335474",
  "stats": {
    "cached_run": {
      "count": 1,
      "avg": 0.10288370004855096,
      "min": 0.10288370004855096,
      "max": 0.10288370004855096,
      "p95": 0.10288370004855096,
      "error_rate": 0.0
    },
    "run_tool": {
      "count": 1,
      "avg": 0.09346870001172647,
      "min": 0.09346870001172647,
      "max": 0.09346870001172647,
      "p95": 0.09346870001172647,
      "error_rate": 0.0
    },
    "generate_insights": {
      "count": 1,
      "avg": 6.8160107000148855,
      "min": 6.8160107000148855,
      "max": 6.8160107000148855,
      "p95": 6.8160107000148855,
      "error_rate": 0.0
    },
    "monthly_revenue_by_customer": {
      "count": 1,
      "avg": 0.08375140000134706,
      "min": 0.08375140000134706,
      "max": 0.08375140000134706,
      "p95": 0.08375140000134706,
      "error_rate": 0.0
    }
  },
  "metrics": {
    "monthly_revenue_by_customer": [
      0.08375140000134706
    ],
    "run_tool": [
      0.09346870001172647
    ],
    "cached_run": [
      0.10288370004855096
    ],
    "generate_insights": [
      6.8160107000148855
    ]
  },
  "error_counts": {}
}