{
  "timestamp": "2026-03-16T11:05:47.251841",
  "stats": {
    "cached_run": {
      "count": 2,
      "avg": 0.05840465001529083,
      "min": 0.03512319998117164,
      "max": 0.08168610004941002,
      "p95": 0.08168610004941002,
      "error_rate": 0.0
    },
    "revenue_by_customer": {
      "count": 1,
      "avg": 0.014029399957507849,
      "min": 0.014029399957507849,
      "max": 0.014029399957507849,
      "p95": 0.014029399957507849,
      "error_rate": 0.0
    },
    "generate_insights": {
      "count": 1,
      "avg": 6.407243699999526,
      "min": 6.407243699999526,
      "max": 6.407243699999526,
      "p95": 6.407243699999526,
      "error_rate": 0.0
    },
    "run_tool": {
      "count": 2,
      "avg": 0.04701239999849349,
      "min": 0.023986100044567138,
      "max": 0.07003869995241985,
      "p95": 0.07003869995241985,
      "error_rate": 0.0
    },
    "monthly_revenue_by_customer": {
      "count": 1,
      "avg": 0.05949850002070889,
      "min": 0.05949850002070889,
      "max": 0.05949850002070889,
      "p95": 0.05949850002070889,
      "error_rate": 0.0
    }
  },
  "metrics": {
    "revenue_by_customer": [
      0.014029399957507849
    ],
    "run_tool": [
      0.023986100044567138,
      0.07003869995241985
    ],
    "cached_run": [
      0.03512319998117164,
      0.08168610004941002
    ],
    "monthly_revenue_by_customer": [
      0.05949850002070889
    ],
    "generate_insights": [
      6.407243699999526
    ]
  },
  "error_counts": {}
}