{
  "timestamp": "2026-03-19T15:09:16.837605",
  "stats": {
    "compute_kpis": {
      "count": 1,
      "avg": 0.023448800086043775,
      "min": 0.023448800086043775,
      "max": 0.023448800086043775,
      "p95": 0.023448800086043775,
      "error_rate": 0.0
    },
    "cached_run": {
      "count": 1,
      "avg": 0.0776572999311611,
      "min": 0.0776572999311611,
      "max": 0.0776572999311611,
      "p95": 0.0776572999311611,
      "error_rate": 0.0
    },
    "generate_insights": {
      "count": 1,
      "avg": 5.576558700064197,
      "min": 5.576558700064197,
      "max": 5.576558700064197,
      "p95": 5.576558700064197,
      "error_rate": 0.0
    },
    "revenue_by_product": {
      "count": 2,
      "avg": 0.03101365000475198,
      "min": 0.028453700011596084,
      "max": 0.03357359999790788,
      "p95": 0.03357359999790788,
      "error_rate": 0.0
    },
    "revenue_by_customer": {
      "count": 1,
      "avg": 0.02979220007546246,
      "min": 0.02979220007546246,
      "max": 0.02979220007546246,
      "p95": 0.02979220007546246,
      "error_rate": 0.0
    },
    "detect_revenue_spikes": {
      "count": 1,
      "avg": 0.058331099920906126,
      "min": 0.058331099920906126,
      "max": 0.058331099920906126,
      "p95": 0.058331099920906126,
      "error_rate": 0.0
    },
    "run_tool": {
      "count": 1,
      "avg": 0.052267299965023994,
      "min": 0.052267299965023994,
      "max": 0.052267299965023994,
      "p95": 0.052267299965023994,
      "error_rate": 0.0
    },
    "monthly_revenue": {
      "count": 2,
      "avg": 0.034674150054343045,
      "min": 0.03222370008006692,
      "max": 0.03712460002861917,
      "p95": 0.03712460002861917,
      "error_rate": 0.0
    }
  },
  "metrics": {
    "compute_kpis": [
      0.023448800086043775
    ],
    "revenue_by_customer": [
      0.02979220007546246
    ],
    "revenue_by_product": [
      0.03357359999790788,
      0.028453700011596084
    ],
    "monthly_revenue": [
      0.03712460002861917,
      0.03222370008006692
    ],
    "detect_revenue_spikes": [
      0.058331099920906126
    ],
    "run_tool": [
      0.052267299965023994
    ],
    "cached_run": [
      0.0776572999311611
    ],
    "generate_insights": [
      5.576558700064197
    ]
  },
  "error_counts": {}
}