{
  "timestamp": "2026-03-17T11:59:43.606684",
  "stats": {
    "monthly_revenue": {
      "count": 2,
      "avg": 0.01768910000100732,
      "min": 0.016565099998842925,
      "max": 0.018813100003171712,
      "p95": 0.018813100003171712,
      "error_rate": 0.0
    },
    "generate_insights": {
      "count": 1,
      "avg": 5.183618700015359,
      "min": 5.183618700015359,
      "max": 5.183618700015359,
      "p95": 5.183618700015359,
      "error_rate": 0.0
    },
    "revenue_by_product": {
      "count": 2,
      "avg": 0.015153499989537522,
      "min": 0.014027500001247972,
      "max": 0.016279499977827072,
      "p95": 0.016279499977827072,
      "error_rate": 0.0
    },
    "detect_revenue_spikes": {
      "count": 1,
      "avg": 0.029111500014550984,
      "min": 0.029111500014550984,
      "max": 0.029111500014550984,
      "p95": 0.029111500014550984,
      "error_rate": 0.0
    },
    "run_tool": {
      "count": 1,
      "avg": 0.025828099984209985,
      "min": 0.025828099984209985,
      "max": 0.025828099984209985,
      "p95": 0.025828099984209985,
      "error_rate": 0.0
    },
    "compute_kpis": {
      "count": 1,
      "avg": 0.012759400007780641,
      "min": 0.012759400007780641,
      "max": 0.012759400007780641,
      "p95": 0.012759400007780641,
      "error_rate": 0.0
    },
    "cached_run": {
      "count": 1,
      "avg": 0.037187399982940406,
      "min": 0.037187399982940406,
      "max": 0.037187399982940406,
      "p95": 0.037187399982940406,
      "error_rate": 0.0
    },
    "revenue_by_customer": {
      "count": 1,
      "avg": 0.020479099999647588,
      "min": 0.020479099999647588,
      "max": 0.020479099999647588,
      "p95": 0.020479099999647588,
      "error_rate": 0.0
    }
  },
  "metrics": {
    "compute_kpis": [
      0.012759400007780641
    ],
    "revenue_by_customer": [
      0.020479099999647588
    ],
    "revenue_by_product": [
      0.016279499977827072,
      0.014027500001247972
    ],
    "monthly_revenue": [
      0.018813100003171712,
      0.016565099998842925
    ],
    "detect_revenue_spikes": [
      0.029111500014550984
    ],
    "run_tool": [
      0.025828099984209985
    ],
    "cached_run": [
      0.037187399982940406
    ],
    "generate_insights": [
      5.183618700015359
    ]
  },
  "error_counts": {}
}