{
  "timestamp": "2026-03-17T13:17:57.731282",
  "stats": {
    "revenue_by_product": {
      "count": 1,
      "avg": 0.01742679998278618,
      "min": 0.01742679998278618,
      "max": 0.01742679998278618,
      "p95": 0.01742679998278618,
      "error_rate": 0.0
    },
    "cached_run": {
      "count": 1,
      "avg": 0.043613299960270524,
      "min": 0.043613299960270524,
      "max": 0.043613299960270524,
      "p95": 0.043613299960270524,
      "error_rate": 0.0
    },
    "generate_insights": {
      "count": 1,
      "avg": 7.057279499946162,
      "min": 7.057279499946162,
      "max": 7.057279499946162,
      "p95": 7.057279499946162,
      "error_rate": 0.0
    },
    "run_tool": {
      "count": 1,
      "avg": 0.029274300090037286,
      "min": 0.029274300090037286,
      "max": 0.029274300090037286,
      "p95": 0.029274300090037286,
      "error_rate": 0.0
    }
  },
  "metrics": {
    "revenue_by_product": [
      0.01742679998278618
    ],
    "run_tool": [
      0.029274300090037286
    ],
    "cached_run": [
      0.043613299960270524
    ],
    "generate_insights": [
      7.057279499946162
    ]
  },
  "error_counts": {}
}