{
  "timestamp": "2026-03-20T15:02:23.315834",
  "stats": {
    "cached_run": {
      "count": 3,
      "avg": 0.15157877533359473,
      "min": 0.14464495700121915,
      "max": 0.15630752499964728,
      "p95": 0.15630752499964728,
      "error_rate": 0.0
    },
    "monthly_revenue_by_product": {
      "count": 1,
      "avg": 0.05368069899850525,
      "min": 0.05368069899850525,
      "max": 0.05368069899850525,
      "p95": 0.05368069899850525,
      "error_rate": 0.0
    },
    "run_tool": {
      "count": 3,
      "avg": 0.10391518366668606,
      "min": 0.10053610599970852,
      "max": 0.11048326099989936,
      "p95": 0.11048326099989936,
      "error_rate": 0.0
    },
    "compute_kpis": {
      "count": 2,
      "avg": 0.06608474399945408,
      "min": 0.044031792000168934,
      "max": 0.08813769599873922,
      "p95": 0.08813769599873922,
      "error_rate": 0.0
    },
    "revenue_by_customer": {
      "count": 2,
      "avg": 0.05034947199965245,
      "min": 0.04670890499983216,
      "max": 0.053990038999472745,
      "p95": 0.053990038999472745,
      "error_rate": 0.0
    },
    "generate_insights": {
      "count": 2,
      "avg": 13.282306545998836,
      "min": 6.204050282998651,
      "max": 20.36056280899902,
      "p95": 20.36056280899902,
      "error_rate": 0.0
    },
    "autonomous_run": {
      "count": 1,
      "avg": 22.821773685000153,
      "min": 22.821773685000153,
      "max": 22.821773685000153,
      "p95": 22.821773685000153,
      "error_rate": 0.0
    },
    "revenue_by_product": {
      "count": 4,
      "avg": 0.0499642292502358,
      "min": 0.042131528000027174,
      "max": 0.054101879000882036,
      "p95": 0.054101879000882036,
      "error_rate": 0.0
    },
    "detect_revenue_spikes": {
      "count": 2,
      "avg": 0.09103919649987802,
      "min": 0.08747727199988731,
      "max": 0.09460112099986873,
      "p95": 0.09460112099986873,
      "error_rate": 0.0
    },
    "monthly_revenue": {
      "count": 4,
      "avg": 0.05365817050005717,
      "min": 0.03854801999841584,
      "max": 0.07423296100023435,
      "p95": 0.07423296100023435,
      "error_rate": 0.0
    }
  },
  "metrics": {
    "compute_kpis": [
      0.044031792000168934,
      0.08813769599873922
    ],
    "revenue_by_customer": [
      0.04670890499983216,
      0.053990038999472745
    ],
    "revenue_by_product": [
      0.042131528000027174,
      0.054101879000882036,
      0.05032252199998766,
      0.053300988000046345
    ],
    "monthly_revenue": [
      0.03854801999841584,
      0.04506208000020706,
      0.07423296100023435,
      0.056789621001371415
    ],
    "detect_revenue_spikes": [
      0.08747727199988731,
      0.09460112099986873
    ],
    "run_tool": [
      0.11048326099989936,
      0.10053610599970852,
      0.1007261840004503
    ],
    "cached_run": [
      0.15630752499964728,
      0.14464495700121915,
      0.15378384399991774
    ],
    "monthly_revenue_by_product": [
      0.05368069899850525
    ],
    "generate_insights": [
      20.36056280899902,
      6.204050282998651
    ],
    "autonomous_run": [
      22.821773685000153
    ]
  },
  "error_counts": {}
}