{
  "timestamp": "2026-03-17T09:00:18.865991",
  "stats": {
    "cached_run": {
      "count": 2,
      "avg": 0.030680700001539662,
      "min": 0.02736509998794645,
      "max": 0.033996300015132874,
      "p95": 0.033996300015132874,
      "error_rate": 0.0
    },
    "run_tool": {
      "count": 2,
      "avg": 0.023139549972256646,
      "min": 0.019061799976043403,
      "max": 0.027217299968469888,
      "p95": 0.027217299968469888,
      "error_rate": 0.0
    },
    "revenue_by_product": {
      "count": 2,
      "avg": 0.014436450001085177,
      "min": 0.010816599999088794,
      "max": 0.01805630000308156,
      "p95": 0.01805630000308156,
      "error_rate": 0.0
    },
    "generate_insights": {
      "count": 2,
      "avg": 7.092086949967779,
      "min": 6.5469801999861374,
      "max": 7.637193699949421,
      "p95": 7.637193699949421,
      "error_rate": 0.0
    },
    "autonomous_run": {
      "count": 1,
      "avg": 10.743537199974526,
      "min": 10.743537199974526,
      "max": 10.743537199974526,
      "p95": 10.743537199974526,
      "error_rate": 0.0
    }
  },
  "metrics": {
    "revenue_by_product": [
      0.01805630000308156,
      0.010816599999088794
    ],
    "run_tool": [
      0.027217299968469888,
      0.019061799976043403
    ],
    "cached_run": [
      0.033996300015132874,
      0.02736509998794645
    ],
    "generate_insights": [
      7.637193699949421,
      6.5469801999861374
    ],
    "autonomous_run": [
      10.743537199974526
    ]
  },
  "error_counts": {}
}