{
  "timestamp": "2026-03-20T09:10:42.879104",
  "stats": {
    "revenue_by_product": {
      "count": 1,
      "avg": 0.013704200042411685,
      "min": 0.013704200042411685,
      "max": 0.013704200042411685,
      "p95": 0.013704200042411685,
      "error_rate": 0.0
    },
    "run_tool": {
      "count": 1,
      "avg": 0.024284200044348836,
      "min": 0.024284200044348836,
      "max": 0.024284200044348836,
      "p95": 0.024284200044348836,
      "error_rate": 0.5
    },
    "generate_insights": {
      "count": 1,
      "avg": 6.155794900027104,
      "min": 6.155794900027104,
      "max": 6.155794900027104,
      "p95": 6.155794900027104,
      "error_rate": 0.0
    },
    "cached_run": {
      "count": 1,
      "avg": 0.03554509999230504,
      "min": 0.03554509999230504,
      "max": 0.03554509999230504,
      "p95": 0.03554509999230504,
      "error_rate": 0.5
    }
  },
  "metrics": {
    "revenue_by_product": [
      0.013704200042411685
    ],
    "run_tool": [
      0.024284200044348836
    ],
    "cached_run": [
      0.03554509999230504
    ],
    "generate_insights": [
      6.155794900027104
    ]
  },
  "error_counts": {
    "run_tool": 1,
    "cached_run": 1
  }
}