{
  "timestamp": "2026-03-16T12:27:37.284805",
  "stats": {
    "detect_revenue_spikes": {
      "count": 1,
      "avg": 0.05081119999522343,
      "min": 0.05081119999522343,
      "max": 0.05081119999522343,
      "p95": 0.05081119999522343,
      "error_rate": 0.0
    },
    "revenue_by_customer": {
      "count": 2,
      "avg": 0.026603999984217808,
      "min": 0.02537679998204112,
      "max": 0.027831199986394495,
      "p95": 0.027831199986394495,
      "error_rate": 0.0
    },
    "revenue_by_product": {
      "count": 1,
      "avg": 0.021730299980845302,
      "min": 0.021730299980845302,
      "max": 0.021730299980845302,
      "p95": 0.021730299980845302,
      "error_rate": 0.0
    },
    "generate_insights": {
      "count": 1,
      "avg": 6.545150599966291,
      "min": 6.545150599966291,
      "max": 6.545150599966291,
      "p95": 6.545150599966291,
      "error_rate": 0.0
    },
    "monthly_revenue_by_customer": {
      "count": 1,
      "avg": 0.08187739999266341,
      "min": 0.08187739999266341,
      "max": 0.08187739999266341,
      "p95": 0.08187739999266341,
      "error_rate": 0.0
    },
    "monthly_revenue": {
      "count": 2,
      "avg": 0.027306800009682775,
      "min": 0.025602800014894456,
      "max": 0.029010800004471093,
      "p95": 0.029010800004471093,
      "error_rate": 0.0
    },
    "cached_run": {
      "count": 2,
      "avg": 0.09807410000939853,
      "min": 0.07100290001835674,
      "max": 0.12514530000044033,
      "p95": 0.12514530000044033,
      "error_rate": 0.0
    },
    "compute_kpis": {
      "count": 1,
      "avg": 0.02348759997403249,
      "min": 0.02348759997403249,
      "max": 0.02348759997403249,
      "p95": 0.02348759997403249,
      "error_rate": 0.0
    },
    "run_tool": {
      "count": 2,
      "avg": 0.07625030001509003,
      "min": 0.04725890001282096,
      "max": 0.10524170001735911,
      "p95": 0.10524170001735911,
      "error_rate": 0.0
    }
  },
  "metrics": {
    "compute_kpis": [
      0.02348759997403249
    ],
    "revenue_by_customer": [
      0.027831199986394495,
      0.02537679998204112
    ],
    "revenue_by_product": [
      0.021730299980845302
    ],
    "monthly_revenue": [
      0.025602800014894456,
      0.029010800004471093
    ],
    "detect_revenue_spikes": [
      0.05081119999522343
    ],
    "run_tool": [
      0.04725890001282096,
      0.10524170001735911
    ],
    "cached_run": [
      0.07100290001835674,
      0.12514530000044033
    ],
    "monthly_revenue_by_customer": [
      0.08187739999266341
    ],
    "generate_insights": [
      6.545150599966291
    ]
  },
  "error_counts": {}
}