{
  "timestamp": "2026-03-20T14:43:18.708207",
  "stats": {
    "cached_run": {
      "count": 1,
      "avg": 0.06250640004873276,
      "min": 0.06250640004873276,
      "max": 0.06250640004873276,
      "p95": 0.06250640004873276,
      "error_rate": 0.0
    },
    "revenue_by_customer": {
      "count": 1,
      "avg": 0.03824039991013706,
      "min": 0.03824039991013706,
      "max": 0.03824039991013706,
      "p95": 0.03824039991013706,
      "error_rate": 0.0
    },
    "monthly_revenue": {
      "count": 2,
      "avg": 0.040637550060637295,
      "min": 0.030982600059360266,
      "max": 0.050292500061914325,
      "p95": 0.050292500061914325,
      "error_rate": 0.0
    },
    "generate_insights": {
      "count": 1,
      "avg": 4.507057899958454,
      "min": 4.507057899958454,
      "max": 4.507057899958454,
      "p95": 4.507057899958454,
      "error_rate": 0.0
    },
    "compute_kpis": {
      "count": 1,
      "avg": 0.02516369998920709,
      "min": 0.02516369998920709,
      "max": 0.02516369998920709,
      "p95": 0.02516369998920709,
      "error_rate": 0.0
    },
    "run_tool": {
      "count": 1,
      "avg": 0.0426318000536412,
      "min": 0.0426318000536412,
      "max": 0.0426318000536412,
      "p95": 0.0426318000536412,
      "error_rate": 0.0
    },
    "revenue_by_product": {
      "count": 2,
      "avg": 0.024670450016856194,
      "min": 0.02291480009444058,
      "max": 0.026426099939271808,
      "p95": 0.026426099939271808,
      "error_rate": 0.0
    },
    "detect_revenue_spikes": {
      "count": 1,
      "avg": 0.052612700033932924,
      "min": 0.052612700033932924,
      "max": 0.052612700033932924,
      "p95": 0.052612700033932924,
      "error_rate": 0.0
    }
  },
  "metrics": {
    "compute_kpis": [
      0.02516369998920709
    ],
    "revenue_by_customer": [
      0.03824039991013706
    ],
    "revenue_by_product": [
      0.026426099939271808,
      0.02291480009444058
    ],
    "monthly_revenue": [
      0.050292500061914325,
      0.030982600059360266
    ],
    "detect_revenue_spikes": [
      0.052612700033932924
    ],
    "run_tool": [
      0.0426318000536412
    ],
    "cached_run": [
      0.06250640004873276
    ],
    "generate_insights": [
      4.507057899958454
    ]
  },
  "error_counts": {}
}