{
  "timestamp": "2026-03-16T10:16:03.928871",
  "stats": {
    "cached_run": {
      "count": 2,
      "avg": 0.06834734999574721,
      "min": 0.041636799986008555,
      "max": 0.09505790000548586,
      "p95": 0.09505790000548586,
      "error_rate": 0.0
    },
    "run_tool": {
      "count": 2,
      "avg": 0.05519184999866411,
      "min": 0.02896409999812022,
      "max": 0.081419599999208,
      "p95": 0.081419599999208,
      "error_rate": 0.0
    },
    "generate_insights": {
      "count": 1,
      "avg": 5.336113099998329,
      "min": 5.336113099998329,
      "max": 5.336113099998329,
      "p95": 5.336113099998329,
      "error_rate": 0.0
    },
    "monthly_revenue_by_customer": {
      "count": 1,
      "avg": 0.06908350001322106,
      "min": 0.06908350001322106,
      "max": 0.06908350001322106,
      "p95": 0.06908350001322106,
      "error_rate": 0.0
    },
    "revenue_by_customer": {
      "count": 1,
      "avg": 0.01645329996244982,
      "min": 0.01645329996244982,
      "max": 0.01645329996244982,
      "p95": 0.01645329996244982,
      "error_rate": 0.0
    }
  },
  "metrics": {
    "revenue_by_customer": [
      0.01645329996244982
    ],
    "run_tool": [
      0.02896409999812022,
      0.081419599999208
    ],
    "cached_run": [
      0.041636799986008555,
      0.09505790000548586
    ],
    "monthly_revenue_by_customer": [
      0.06908350001322106
    ],
    "generate_insights": [
      5.336113099998329
    ]
  },
  "error_counts": {}
}