{
  "timestamp": "2026-03-16T14:03:11.142945",
  "stats": {
    "compute_kpis": {
      "count": 4,
      "avg": 0.02639334999548737,
      "min": 0.024469299998600036,
      "max": 0.028754099970683455,
      "p95": 0.028754099970683455,
      "error_rate": 0.0
    },
    "detect_revenue_spikes": {
      "count": 4,
      "avg": 0.059747349994722754,
      "min": 0.056579000025521964,
      "max": 0.06490990001475438,
      "p95": 0.06490990001475438,
      "error_rate": 0.0
    },
    "cached_run": {
      "count": 4,
      "avg": 0.07826902499073185,
      "min": 0.06641869997838512,
      "max": 0.09755700000096112,
      "p95": 0.09755700000096112,
      "error_rate": 0.0
    },
    "monthly_revenue": {
      "count": 8,
      "avg": 0.03149942500022007,
      "min": 0.0298664000001736,
      "max": 0.03508930001407862,
      "p95": 0.03508930001407862,
      "error_rate": 0.0
    },
    "monthly_revenue_by_customer": {
      "count": 1,
      "avg": 0.05771339999046177,
      "min": 0.05771339999046177,
      "max": 0.05771339999046177,
      "p95": 0.05771339999046177,
      "error_rate": 0.0
    },
    "autonomous_run": {
      "count": 2,
      "avg": 10.255585200007772,
      "min": 8.556673199986108,
      "max": 11.954497200029436,
      "p95": 11.954497200029436,
      "error_rate": 0.0
    },
    "revenue_by_product": {
      "count": 6,
      "avg": 0.028815233352361247,
      "min": 0.023764400044456124,
      "max": 0.03475739998975769,
      "p95": 0.03475739998975769,
      "error_rate": 0.0
    },
    "generate_insights": {
      "count": 3,
      "avg": 6.6425269000077,
      "min": 4.07214980002027,
      "max": 8.379138899967074,
      "p95": 8.379138899967074,
      "error_rate": 0.0
    },
    "revenue_by_customer": {
      "count": 5,
      "avg": 0.028695119998883457,
      "min": 0.024094300053548068,
      "max": 0.03280589997302741,
      "p95": 0.03280589997302741,
      "error_rate": 0.0
    },
    "run_tool": {
      "count": 4,
      "avg": 0.055657624994637445,
      "min": 0.04430589999537915,
      "max": 0.07762029999867082,
      "p95": 0.07762029999867082,
      "error_rate": 0.0
    }
  },
  "metrics": {
    "revenue_by_customer": [
      0.024094300053548068,
      0.03280589997302741,
      0.026851699978578836,
      0.02836850000312552,
      0.03135519998613745
    ],
    "run_tool": [
      0.04430589999537915,
      0.07762029999867082,
      0.05557919997954741,
      0.0451251000049524
    ],
    "cached_run": [
      0.06641869997838512,
      0.09755700000096112,
      0.0816493000020273,
      0.06745109998155385
    ],
    "monthly_revenue_by_customer": [
      0.05771339999046177
    ],
    "generate_insights": [
      4.07214980002027,
      7.476292000035755,
      8.379138899967074
    ],
    "autonomous_run": [
      8.556673199986108,
      11.954497200029436
    ],
    "compute_kpis": [
      0.028754099970683455,
      0.024745400005485862,
      0.024469299998600036,
      0.027604600007180125
    ],
    "revenue_by_product": [
      0.03159530000993982,
      0.024299300042912364,
      0.03475739998975769,
      0.026074299996253103,
      0.032400700030848384,
      0.023764400044456124
    ],
    "monthly_revenue": [
      0.03225449996534735,
      0.03508930001407862,
      0.0298664000001736,
      0.030106399965006858,
      0.03006750001804903,
      0.03134500002488494,
      0.0313377000275068,
      0.03192859998671338
    ],
    "detect_revenue_spikes": [
      0.06490990001475438,
      0.056579000025521964,
      0.059300199965946376,
      0.05820029997266829
    ]
  },
  "error_counts": {}
}