{
  "timestamp": "2026-03-18T10:02:35.168396",
  "stats": {
    "generate_insights": {
      "count": 1,
      "avg": 6.359786799992435,
      "min": 6.359786799992435,
      "max": 6.359786799992435,
      "p95": 6.359786799992435,
      "error_rate": 0.0
    },
    "revenue_by_product": {
      "count": 1,
      "avg": 0.020608799997717142,
      "min": 0.020608799997717142,
      "max": 0.020608799997717142,
      "p95": 0.020608799997717142,
      "error_rate": 0.0
    },
    "run_tool": {
      "count": 1,
      "avg": 0.028056300012394786,
      "min": 0.028056300012394786,
      "max": 0.028056300012394786,
      "p95": 0.028056300012394786,
      "error_rate": 0.0
    },
    "cached_run": {
      "count": 1,
      "avg": 0.034933999995701015,
      "min": 0.034933999995701015,
      "max": 0.034933999995701015,
      "p95": 0.034933999995701015,
      "error_rate": 0.0
    }
  },
  "metrics": {
    "revenue_by_product": [
      0.020608799997717142
    ],
    "run_tool": [
      0.028056300012394786
    ],
    "cached_run": [
      0.034933999995701015
    ],
    "generate_insights": [
      6.359786799992435
    ]
  },
  "error_counts": {}
}