{
  "timestamp": "2026-03-17T09:01:41.503776",
  "stats": {
    "cached_run": {
      "count": 3,
      "avg": 0.029955033329315484,
      "min": 0.02736509998794645,
      "max": 0.033996300015132874,
      "p95": 0.033996300015132874,
      "error_rate": 0.0
    },
    "run_tool": {
      "count": 3,
      "avg": 0.022549033320198458,
      "min": 0.019061799976043403,
      "max": 0.027217299968469888,
      "p95": 0.027217299968469888,
      "error_rate": 0.0
    },
    "revenue_by_product": {
      "count": 3,
      "avg": 0.013471433330172053,
      "min": 0.010816599999088794,
      "max": 0.01805630000308156,
      "p95": 0.01805630000308156,
      "error_rate": 0.0
    },
    "generate_insights": {
      "count": 3,
      "avg": 7.156928033296329,
      "min": 6.5469801999861374,
      "max": 7.637193699949421,
      "p95": 7.637193699949421,
      "error_rate": 0.0
    },
    "autonomous_run": {
      "count": 2,
      "avg": 9.683723349968204,
      "min": 8.623909499961883,
      "max": 10.743537199974526,
      "p95": 10.743537199974526,
      "error_rate": 0.0
    }
  },
  "metrics": {
    "revenue_by_product": [
      0.01805630000308156,
      0.010816599999088794,
      0.011541399988345802
    ],
    "run_tool": [
      0.027217299968469888,
      0.019061799976043403,
      0.021368000016082078
    ],
    "cached_run": [
      0.033996300015132874,
      0.02736509998794645,
      0.028503699984867126
    ],
    "generate_insights": [
      7.637193699949421,
      6.5469801999861374,
      7.286610199953429
    ],
    "autonomous_run": [
      10.743537199974526,
      8.623909499961883
    ]
  },
  "error_counts": {}
}