{
  "timestamp": "2026-03-16T12:43:23.075043",
  "stats": {
    "autonomous_run": {
      "count": 3,
      "avg": 10.588723533340575,
      "min": 7.199709300009999,
      "max": 14.719906000012998,
      "p95": 14.719906000012998,
      "error_rate": 0.0
    },
    "run_tool": {
      "count": 7,
      "avg": 0.061429128574673086,
      "min": 0.0327402000548318,
      "max": 0.0832386999973096,
      "p95": 0.0832386999973096,
      "error_rate": 0.0
    },
    "generate_insights": {
      "count": 4,
      "avg": 7.345181149983546,
      "min": 5.225939599971753,
      "max": 12.820754599990323,
      "p95": 12.820754599990323,
      "error_rate": 0.0
    },
    "revenue_by_customer": {
      "count": 2,
      "avg": 0.02236619999166578,
      "min": 0.021833200007677078,
      "max": 0.022899199975654483,
      "p95": 0.022899199975654483,
      "error_rate": 0.0
    },
    "monthly_revenue_by_customer": {
      "count": 4,
      "avg": 0.056982974987477064,
      "min": 0.054523700033314526,
      "max": 0.06133719999343157,
      "p95": 0.06133719999343157,
      "error_rate": 0.0
    },
    "cached_run": {
      "count": 7,
      "avg": 0.08150292856485716,
      "min": 0.05204719997709617,
      "max": 0.10473399999318644,
      "p95": 0.10473399999318644,
      "error_rate": 0.0
    },
    "revenue_by_product": {
      "count": 1,
      "avg": 0.014374000020325184,
      "min": 0.014374000020325184,
      "max": 0.014374000020325184,
      "p95": 0.014374000020325184,
      "error_rate": 0.0
    }
  },
  "metrics": {
    "monthly_revenue_by_customer": [
      0.054523700033314526,
      0.056409799959510565,
      0.0556611999636516,
      0.06133719999343157
    ],
    "run_tool": [
      0.07434019999345765,
      0.0416566000203602,
      0.07744649995584041,
      0.0327402000548318,
      0.0762381000095047,
      0.044343599991407245,
      0.0832386999973096
    ],
    "cached_run": [
      0.09415040002204478,
      0.06052759999874979,
      0.0973496999940835,
      0.05204719997709617,
      0.09611220000078902,
      0.06559939996805042,
      0.10473399999318644
    ],
    "generate_insights": [
      5.225939599971753,
      5.854106799990404,
      12.820754599990323,
      5.479923599981703
    ],
    "autonomous_run": [
      7.199709300009999,
      9.846555299998727,
      14.719906000012998
    ],
    "revenue_by_customer": [
      0.021833200007677078,
      0.022899199975654483
    ],
    "revenue_by_product": [
      0.014374000020325184
    ]
  },
  "error_counts": {}
}