{
  "timestamp": "2026-03-20T15:01:14.437182",
  "stats": {
    "cached_run": {
      "count": 2,
      "avg": 0.15047624100043322,
      "min": 0.14464495700121915,
      "max": 0.15630752499964728,
      "p95": 0.15630752499964728,
      "error_rate": 0.0
    },
    "monthly_revenue_by_product": {
      "count": 1,
      "avg": 0.05368069899850525,
      "min": 0.05368069899850525,
      "max": 0.05368069899850525,
      "p95": 0.05368069899850525,
      "error_rate": 0.0
    },
    "run_tool": {
      "count": 2,
      "avg": 0.10550968349980394,
      "min": 0.10053610599970852,
      "max": 0.11048326099989936,
      "p95": 0.11048326099989936,
      "error_rate": 0.0
    },
    "compute_kpis": {
      "count": 1,
      "avg": 0.044031792000168934,
      "min": 0.044031792000168934,
      "max": 0.044031792000168934,
      "p95": 0.044031792000168934,
      "error_rate": 0.0
    },
    "revenue_by_customer": {
      "count": 1,
      "avg": 0.04670890499983216,
      "min": 0.04670890499983216,
      "max": 0.04670890499983216,
      "p95": 0.04670890499983216,
      "error_rate": 0.0
    },
    "generate_insights": {
      "count": 1,
      "avg": 20.36056280899902,
      "min": 20.36056280899902,
      "max": 20.36056280899902,
      "p95": 20.36056280899902,
      "error_rate": 0.0
    },
    "revenue_by_product": {
      "count": 2,
      "avg": 0.048116703500454605,
      "min": 0.042131528000027174,
      "max": 0.054101879000882036,
      "p95": 0.054101879000882036,
      "error_rate": 0.0
    },
    "detect_revenue_spikes": {
      "count": 1,
      "avg": 0.08747727199988731,
      "min": 0.08747727199988731,
      "max": 0.08747727199988731,
      "p95": 0.08747727199988731,
      "error_rate": 0.0
    },
    "monthly_revenue": {
      "count": 2,
      "avg": 0.04180504999931145,
      "min": 0.03854801999841584,
      "max": 0.04506208000020706,
      "p95": 0.04506208000020706,
      "error_rate": 0.0
    }
  },
  "metrics": {
    "compute_kpis": [
      0.044031792000168934
    ],
    "revenue_by_customer": [
      0.04670890499983216
    ],
    "revenue_by_product": [
      0.042131528000027174,
      0.054101879000882036
    ],
    "monthly_revenue": [
      0.03854801999841584,
      0.04506208000020706
    ],
    "detect_revenue_spikes": [
      0.08747727199988731
    ],
    "run_tool": [
      0.11048326099989936,
      0.10053610599970852
    ],
    "cached_run": [
      0.15630752499964728,
      0.14464495700121915
    ],
    "monthly_revenue_by_product": [
      0.05368069899850525
    ],
    "generate_insights": [
      20.36056280899902
    ]
  },
  "error_counts": {}
}