{
  "timestamp": "2026-03-20T09:14:52.424591",
  "stats": {
    "generate_insights": {
      "count": 1,
      "avg": 11.140874000033364,
      "min": 11.140874000033364,
      "max": 11.140874000033364,
      "p95": 11.140874000033364,
      "error_rate": 0.0
    },
    "run_tool": {
      "count": 2,
      "avg": 0.028222299995832145,
      "min": 0.021854300051927567,
      "max": 0.034590299939736724,
      "p95": 0.034590299939736724,
      "error_rate": 0.0
    },
    "revenue_by_product": {
      "count": 1,
      "avg": 0.011440600035712123,
      "min": 0.011440600035712123,
      "max": 0.011440600035712123,
      "p95": 0.011440600035712123,
      "error_rate": 0.0
    },
    "monthly_revenue_by_product": {
      "count": 1,
      "avg": 0.018278799951076508,
      "min": 0.018278799951076508,
      "max": 0.018278799951076508,
      "p95": 0.018278799951076508,
      "error_rate": 0.0
    },
    "cached_run": {
      "count": 2,
      "avg": 0.03889019996859133,
      "min": 0.03240589995402843,
      "max": 0.04537449998315424,
      "p95": 0.04537449998315424,
      "error_rate": 0.0
    }
  },
  "metrics": {
    "revenue_by_product": [
      0.011440600035712123
    ],
    "run_tool": [
      0.021854300051927567,
      0.034590299939736724
    ],
    "cached_run": [
      0.03240589995402843,
      0.04537449998315424
    ],
    "monthly_revenue_by_product": [
      0.018278799951076508
    ],
    "generate_insights": [
      11.140874000033364
    ]
  },
  "error_counts": {}
}