{
  "timestamp": "2026-03-16T09:51:02.122725",
  "stats": {
    "generate_insights": {
      "count": 4,
      "avg": 5.337170849976246,
      "min": 4.45006189995911,
      "max": 6.17824009998003,
      "p95": 6.17824009998003,
      "error_rate": 0.0
    },
    "revenue_by_product": {
      "count": 2,
      "avg": 0.01713800002471544,
      "min": 0.013149900012649596,
      "max": 0.02112610003678128,
      "p95": 0.02112610003678128,
      "error_rate": 0.0
    },
    "monthly_revenue_by_customer": {
      "count": 1,
      "avg": 0.09732669999357313,
      "min": 0.09732669999357313,
      "max": 0.09732669999357313,
      "p95": 0.09732669999357313,
      "error_rate": 0.0
    },
    "run_tool": {
      "count": 3,
      "avg": 0.055556966651541494,
      "min": 0.02461809996748343,
      "max": 0.11086539999814704,
      "p95": 0.11086539999814704,
      "error_rate": 0.0
    },
    "autonomous_run": {
      "count": 3,
      "avg": 8.210558999989493,
      "min": 7.215246599982493,
      "max": 9.242239099985454,
      "p95": 9.242239099985454,
      "error_rate": 0.0
    },
    "cached_run": {
      "count": 3,
      "avg": 0.06667043332709,
      "min": 0.035445099987555295,
      "max": 0.12318860000232235,
      "p95": 0.12318860000232235,
      "error_rate": 0.0
    }
  },
  "metrics": {
    "revenue_by_product": [
      0.02112610003678128,
      0.013149900012649596
    ],
    "run_tool": [
      0.031187399988994002,
      0.02461809996748343,
      0.11086539999814704
    ],
    "cached_run": [
      0.041377599991392344,
      0.035445099987555295,
      0.12318860000232235
    ],
    "generate_insights": [
      6.17824009998003,
      5.512880900001619,
      5.207500499964226,
      4.45006189995911
    ],
    "autonomous_run": [
      9.242239099985454,
      7.215246599982493,
      8.17419130000053
    ],
    "monthly_revenue_by_customer": [
      0.09732669999357313
    ]
  },
  "error_counts": {}
}