{
  "timestamp": "2026-03-17T09:56:40.765225",
  "stats": {
    "run_tool": {
      "count": 1,
      "avg": 0.025266900018323213,
      "min": 0.025266900018323213,
      "max": 0.025266900018323213,
      "p95": 0.025266900018323213,
      "error_rate": 0.0
    },
    "cached_run": {
      "count": 1,
      "avg": 0.03659840003820136,
      "min": 0.03659840003820136,
      "max": 0.03659840003820136,
      "p95": 0.03659840003820136,
      "error_rate": 0.0
    },
    "generate_insights": {
      "count": 1,
      "avg": 5.821193800016772,
      "min": 5.821193800016772,
      "max": 5.821193800016772,
      "p95": 5.821193800016772,
      "error_rate": 0.0
    },
    "revenue_by_product": {
      "count": 1,
      "avg": 0.014286599995102733,
      "min": 0.014286599995102733,
      "max": 0.014286599995102733,
      "p95": 0.014286599995102733,
      "error_rate": 0.0
    }
  },
  "metrics": {
    "revenue_by_product": [
      0.014286599995102733
    ],
    "run_tool": [
      0.025266900018323213
    ],
    "cached_run": [
      0.03659840003820136
    ],
    "generate_insights": [
      5.821193800016772
    ]
  },
  "error_counts": {}
}