{
  "timestamp": "2026-03-16T12:32:35.666805",
  "stats": {
    "generate_insights": {
      "count": 1,
      "avg": 8.187030100030825,
      "min": 8.187030100030825,
      "max": 8.187030100030825,
      "p95": 8.187030100030825,
      "error_rate": 0.0
    },
    "revenue_by_customer": {
      "count": 1,
      "avg": 0.024668199999723583,
      "min": 0.024668199999723583,
      "max": 0.024668199999723583,
      "p95": 0.024668199999723583,
      "error_rate": 0.0
    },
    "cached_run": {
      "count": 2,
      "avg": 0.09232590001192875,
      "min": 0.0685685999924317,
      "max": 0.1160832000314258,
      "p95": 0.1160832000314258,
      "error_rate": 0.0
    },
    "run_tool": {
      "count": 2,
      "avg": 0.0704828999878373,
      "min": 0.045913899957668036,
      "max": 0.09505190001800656,
      "p95": 0.09505190001800656,
      "error_rate": 0.0
    },
    "monthly_revenue_by_customer": {
      "count": 1,
      "avg": 0.07088569999905303,
      "min": 0.07088569999905303,
      "max": 0.07088569999905303,
      "p95": 0.07088569999905303,
      "error_rate": 0.0
    }
  },
  "metrics": {
    "revenue_by_customer": [
      0.024668199999723583
    ],
    "run_tool": [
      0.045913899957668036,
      0.09505190001800656
    ],
    "cached_run": [
      0.0685685999924317,
      0.1160832000314258
    ],
    "monthly_revenue_by_customer": [
      0.07088569999905303
    ],
    "generate_insights": [
      8.187030100030825
    ]
  },
  "error_counts": {}
}