{
  "timestamp": "2026-03-16T13:02:55.621235",
  "stats": {
    "revenue_by_customer": {
      "count": 1,
      "avg": 0.02540840004803613,
      "min": 0.02540840004803613,
      "max": 0.02540840004803613,
      "p95": 0.02540840004803613,
      "error_rate": 0.0
    },
    "monthly_revenue": {
      "count": 2,
      "avg": 0.030497349973302335,
      "min": 0.025605599978007376,
      "max": 0.03538909996859729,
      "p95": 0.03538909996859729,
      "error_rate": 0.0
    },
    "generate_insights": {
      "count": 2,
      "avg": 5.7190688499831595,
      "min": 4.449094199982937,
      "max": 6.9890434999833815,
      "p95": 6.9890434999833815,
      "error_rate": 0.0
    },
    "run_tool": {
      "count": 5,
      "avg": 0.06654094001278281,
      "min": 0.048403199994936585,
      "max": 0.08288120001088828,
      "p95": 0.08288120001088828,
      "error_rate": 0.0
    },
    "cached_run": {
      "count": 5,
      "avg": 0.08986341998679563,
      "min": 0.07288299995707348,
      "max": 0.10356409999076277,
      "p95": 0.10356409999076277,
      "error_rate": 0.0
    },
    "monthly_growth": {
      "count": 1,
      "avg": 0.0517075999523513,
      "min": 0.0517075999523513,
      "max": 0.0517075999523513,
      "p95": 0.0517075999523513,
      "error_rate": 0.0
    },
    "autonomous_run": {
      "count": 1,
      "avg": 8.321741699997801,
      "min": 8.321741699997801,
      "max": 8.321741699997801,
      "p95": 8.321741699997801,
      "error_rate": 0.0
    },
    "compute_kpis": {
      "count": 1,
      "avg": 0.02636059996439144,
      "min": 0.02636059996439144,
      "max": 0.02636059996439144,
      "p95": 0.02636059996439144,
      "error_rate": 0.0
    },
    "detect_revenue_spikes": {
      "count": 1,
      "avg": 0.05043380003189668,
      "min": 0.05043380003189668,
      "max": 0.05043380003189668,
      "p95": 0.05043380003189668,
      "error_rate": 0.0
    },
    "monthly_revenue_by_customer": {
      "count": 1,
      "avg": 0.05901530000846833,
      "min": 0.05901530000846833,
      "max": 0.05901530000846833,
      "p95": 0.05901530000846833,
      "error_rate": 0.0
    }
  },
  "metrics": {
    "revenue_by_customer": [
      0.02540840004803613
    ],
    "run_tool": [
      0.048403199994936585,
      0.08288120001088828,
      0.05327680002665147,
      0.07712460000766441,
      0.07101890002377331
    ],
    "cached_run": [
      0.07288299995707348,
      0.10356409999076277,
      0.07550709997303784,
      0.10197110002627596,
      0.09539179998682812
    ],
    "monthly_revenue_by_customer": [
      0.05901530000846833
    ],
    "generate_insights": [
      4.449094199982937,
      6.9890434999833815
    ],
    "autonomous_run": [
      8.321741699997801
    ],
    "compute_kpis": [
      0.02636059996439144
    ],
    "monthly_revenue": [
      0.03538909996859729,
      0.025605599978007376
    ],
    "monthly_growth": [
      0.0517075999523513
    ],
    "detect_revenue_spikes": [
      0.05043380003189668
    ]
  },
  "error_counts": {}
}