{
  "timestamp": "2026-03-16T11:09:29.053616",
  "stats": {
    "monthly_revenue_by_customer": {
      "count": 1,
      "avg": 0.04645429999800399,
      "min": 0.04645429999800399,
      "max": 0.04645429999800399,
      "p95": 0.04645429999800399,
      "error_rate": 0.0
    },
    "revenue_by_customer": {
      "count": 1,
      "avg": 0.012321699992753565,
      "min": 0.012321699992753565,
      "max": 0.012321699992753565,
      "p95": 0.012321699992753565,
      "error_rate": 0.0
    },
    "cached_run": {
      "count": 2,
      "avg": 0.05544235001434572,
      "min": 0.04072290001204237,
      "max": 0.07016180001664907,
      "p95": 0.07016180001664907,
      "error_rate": 0.0
    },
    "generate_insights": {
      "count": 1,
      "avg": 6.788044499990065,
      "min": 6.788044499990065,
      "max": 6.788044499990065,
      "p95": 6.788044499990065,
      "error_rate": 0.0
    },
    "run_tool": {
      "count": 2,
      "avg": 0.0414860500022769,
      "min": 0.025106500019319355,
      "max": 0.05786559998523444,
      "p95": 0.05786559998523444,
      "error_rate": 0.0
    }
  },
  "metrics": {
    "revenue_by_customer": [
      0.012321699992753565
    ],
    "run_tool": [
      0.025106500019319355,
      0.05786559998523444
    ],
    "cached_run": [
      0.04072290001204237,
      0.07016180001664907
    ],
    "monthly_revenue_by_customer": [
      0.04645429999800399
    ],
    "generate_insights": [
      6.788044499990065
    ]
  },
  "error_counts": {}
}