{
  "timestamp": "2026-03-16T09:36:31.218851",
  "stats": {
    "generate_insights": {
      "count": 2,
      "avg": 5.845560499990825,
      "min": 5.512880900001619,
      "max": 6.17824009998003,
      "p95": 6.17824009998003,
      "error_rate": 0.0
    },
    "revenue_by_product": {
      "count": 2,
      "avg": 0.01713800002471544,
      "min": 0.013149900012649596,
      "max": 0.02112610003678128,
      "p95": 0.02112610003678128,
      "error_rate": 0.0
    },
    "run_tool": {
      "count": 2,
      "avg": 0.027902749978238717,
      "min": 0.02461809996748343,
      "max": 0.031187399988994002,
      "p95": 0.031187399988994002,
      "error_rate": 0.0
    },
    "autonomous_run": {
      "count": 1,
      "avg": 9.242239099985454,
      "min": 9.242239099985454,
      "max": 9.242239099985454,
      "p95": 9.242239099985454,
      "error_rate": 0.0
    },
    "cached_run": {
      "count": 2,
      "avg": 0.03841134998947382,
      "min": 0.035445099987555295,
      "max": 0.041377599991392344,
      "p95": 0.041377599991392344,
      "error_rate": 0.0
    }
  },
  "metrics": {
    "revenue_by_product": [
      0.02112610003678128,
      0.013149900012649596
    ],
    "run_tool": [
      0.031187399988994002,
      0.02461809996748343
    ],
    "cached_run": [
      0.041377599991392344,
      0.035445099987555295
    ],
    "generate_insights": [
      6.17824009998003,
      5.512880900001619
    ],
    "autonomous_run": [
      9.242239099985454
    ]
  },
  "error_counts": {}
}