{
  "timestamp": "2026-03-20T14:33:32.312279",
  "stats": {
    "run_tool": {
      "count": 4,
      "avg": 0.08887109599936593,
      "min": 0.07866327699957765,
      "max": 0.10259039699849382,
      "p95": 0.10259039699849382,
      "error_rate": 0.0
    },
    "monthly_revenue_by_product": {
      "count": 1,
      "avg": 0.04395779600054084,
      "min": 0.04395779600054084,
      "max": 0.04395779600054084,
      "p95": 0.04395779600054084,
      "error_rate": 0.0
    },
    "cached_run": {
      "count": 4,
      "avg": 0.13447675325096498,
      "min": 0.12408933200094907,
      "max": 0.1481837790015561,
      "p95": 0.1481837790015561,
      "error_rate": 0.0
    },
    "revenue_by_product": {
      "count": 3,
      "avg": 0.0466676120001163,
      "min": 0.03993475999959628,
      "max": 0.05491566300042905,
      "p95": 0.05491566300042905,
      "error_rate": 0.0
    },
    "autonomous_run": {
      "count": 2,
      "avg": 9.403650185500737,
      "min": 6.79394422400037,
      "max": 12.013356147001105,
      "p95": 12.013356147001105,
      "error_rate": 0.0
    },
    "generate_insights": {
      "count": 3,
      "avg": 6.842540082000899,
      "min": 5.305194006001329,
      "max": 9.511248276001425,
      "p95": 9.511248276001425,
      "error_rate": 0.0
    }
  },
  "metrics": {
    "revenue_by_product": [
      0.03993475999959628,
      0.04515241300032358,
      0.05491566300042905
    ],
    "run_tool": [
      0.07866327699957765,
      0.08419400099955965,
      0.09003670899983263,
      0.10259039699849382
    ],
    "cached_run": [
      0.12408933200094907,
      0.13222430099995108,
      0.13340960100140364,
      0.1481837790015561
    ],
    "monthly_revenue_by_product": [
      0.04395779600054084
    ],
    "generate_insights": [
      9.511248276001425,
      5.305194006001329,
      5.711177963999944
    ],
    "autonomous_run": [
      12.013356147001105,
      6.79394422400037
    ]
  },
  "error_counts": {}
}