{
  "timestamp": "2026-03-20T08:28:19.407062",
  "stats": {
    "autonomous_run": {
      "count": 1,
      "avg": 3.557648600079119,
      "min": 3.557648600079119,
      "max": 3.557648600079119,
      "p95": 3.557648600079119,
      "error_rate": 0.0
    },
    "run_tool": {
      "count": 1,
      "avg": 0.023085599998012185,
      "min": 0.023085599998012185,
      "max": 0.023085599998012185,
      "p95": 0.023085599998012185,
      "error_rate": 0.0
    },
    "compute_kpis": {
      "count": 1,
      "avg": 0.012460600002668798,
      "min": 0.012460600002668798,
      "max": 0.012460600002668798,
      "p95": 0.012460600002668798,
      "error_rate": 0.0
    },
    "cached_run": {
      "count": 1,
      "avg": 0.03425680007785559,
      "min": 0.03425680007785559,
      "max": 0.03425680007785559,
      "p95": 0.03425680007785559,
      "error_rate": 0.0
    },
    "detect_revenue_spikes": {
      "count": 1,
      "avg": 0.03186540002934635,
      "min": 0.03186540002934635,
      "max": 0.03186540002934635,
      "p95": 0.03186540002934635,
      "error_rate": 0.0
    },
    "generate_insights": {
      "count": 2,
      "avg": 3.848510499985423,
      "min": 2.240807899972424,
      "max": 5.456213099998422,
      "p95": 5.456213099998422,
      "error_rate": 0.0
    },
    "revenue_by_product": {
      "count": 2,
      "avg": 0.015107950021047145,
      "min": 0.014012200059369206,
      "max": 0.016203699982725084,
      "p95": 0.016203699982725084,
      "error_rate": 0.0
    },
    "revenue_by_customer": {
      "count": 1,
      "avg": 0.01807989994995296,
      "min": 0.01807989994995296,
      "max": 0.01807989994995296,
      "p95": 0.01807989994995296,
      "error_rate": 0.0
    },
    "monthly_revenue": {
      "count": 2,
      "avg": 0.030892400012817234,
      "min": 0.01852000004146248,
      "max": 0.04326479998417199,
      "p95": 0.04326479998417199,
      "error_rate": 0.0
    }
  },
  "metrics": {
    "compute_kpis": [
      0.012460600002668798
    ],
    "revenue_by_customer": [
      0.01807989994995296
    ],
    "revenue_by_product": [
      0.016203699982725084,
      0.014012200059369206
    ],
    "monthly_revenue": [
      0.04326479998417199,
      0.01852000004146248
    ],
    "detect_revenue_spikes": [
      0.03186540002934635
    ],
    "generate_insights": [
      2.240807899972424,
      5.456213099998422
    ],
    "autonomous_run": [
      3.557648600079119
    ],
    "run_tool": [
      0.023085599998012185
    ],
    "cached_run": [
      0.03425680007785559
    ]
  },
  "error_counts": {}
}