{
  "timestamp": "2026-03-16T11:12:21.490982",
  "stats": {
    "autonomous_run": {
      "count": 1,
      "avg": 9.065678899991326,
      "min": 9.065678899991326,
      "max": 9.065678899991326,
      "p95": 9.065678899991326,
      "error_rate": 0.0
    },
    "run_tool": {
      "count": 3,
      "avg": 0.04639179998775944,
      "min": 0.025346499984152615,
      "max": 0.05741399998078123,
      "p95": 0.05741399998078123,
      "error_rate": 0.0
    },
    "monthly_revenue_by_customer": {
      "count": 2,
      "avg": 0.04527000000234693,
      "min": 0.044721600017510355,
      "max": 0.04581839998718351,
      "p95": 0.04581839998718351,
      "error_rate": 0.0
    },
    "generate_insights": {
      "count": 2,
      "avg": 9.10732624999946,
      "min": 7.128194599994458,
      "max": 11.086457900004461,
      "p95": 11.086457900004461,
      "error_rate": 0.0
    },
    "revenue_by_customer": {
      "count": 1,
      "avg": 0.014109499985352159,
      "min": 0.014109499985352159,
      "max": 0.014109499985352159,
      "p95": 0.014109499985352159,
      "error_rate": 0.0
    },
    "cached_run": {
      "count": 3,
      "avg": 0.058443466667085886,
      "min": 0.03733600000850856,
      "max": 0.06979559996398166,
      "p95": 0.06979559996398166,
      "error_rate": 0.0
    }
  },
  "metrics": {
    "monthly_revenue_by_customer": [
      0.044721600017510355,
      0.04581839998718351
    ],
    "run_tool": [
      0.05641489999834448,
      0.025346499984152615,
      0.05741399998078123
    ],
    "cached_run": [
      0.06819880002876744,
      0.03733600000850856,
      0.06979559996398166
    ],
    "generate_insights": [
      7.128194599994458,
      11.086457900004461
    ],
    "autonomous_run": [
      9.065678899991326
    ],
    "revenue_by_customer": [
      0.014109499985352159
    ]
  },
  "error_counts": {}
}