{
  "timestamp": "2026-03-20T14:46:10.328376",
  "stats": {
    "cached_run": {
      "count": 2,
      "avg": 0.0628236000193283,
      "min": 0.06250640004873276,
      "max": 0.06314079998992383,
      "p95": 0.06314079998992383,
      "error_rate": 0.0
    },
    "revenue_by_customer": {
      "count": 1,
      "avg": 0.03824039991013706,
      "min": 0.03824039991013706,
      "max": 0.03824039991013706,
      "p95": 0.03824039991013706,
      "error_rate": 0.0
    },
    "monthly_revenue": {
      "count": 2,
      "avg": 0.040637550060637295,
      "min": 0.030982600059360266,
      "max": 0.050292500061914325,
      "p95": 0.050292500061914325,
      "error_rate": 0.0
    },
    "generate_insights": {
      "count": 2,
      "avg": 4.475836500001606,
      "min": 4.444615100044757,
      "max": 4.507057899958454,
      "p95": 4.507057899958454,
      "error_rate": 0.0
    },
    "compute_kpis": {
      "count": 1,
      "avg": 0.02516369998920709,
      "min": 0.02516369998920709,
      "max": 0.02516369998920709,
      "p95": 0.02516369998920709,
      "error_rate": 0.0
    },
    "autonomous_run": {
      "count": 1,
      "avg": 7.236073600011878,
      "min": 7.236073600011878,
      "max": 7.236073600011878,
      "p95": 7.236073600011878,
      "error_rate": 0.0
    },
    "run_tool": {
      "count": 2,
      "avg": 0.04047985002398491,
      "min": 0.03832789999432862,
      "max": 0.0426318000536412,
      "p95": 0.0426318000536412,
      "error_rate": 0.0
    },
    "revenue_by_product": {
      "count": 3,
      "avg": 0.024538800042743485,
      "min": 0.02291480009444058,
      "max": 0.026426099939271808,
      "p95": 0.026426099939271808,
      "error_rate": 0.0
    },
    "detect_revenue_spikes": {
      "count": 1,
      "avg": 0.052612700033932924,
      "min": 0.052612700033932924,
      "max": 0.052612700033932924,
      "p95": 0.052612700033932924,
      "error_rate": 0.0
    }
  },
  "metrics": {
    "compute_kpis": [
      0.02516369998920709
    ],
    "revenue_by_customer": [
      0.03824039991013706
    ],
    "revenue_by_product": [
      0.026426099939271808,
      0.02291480009444058,
      0.024275500094518065
    ],
    "monthly_revenue": [
      0.050292500061914325,
      0.030982600059360266
    ],
    "detect_revenue_spikes": [
      0.052612700033932924
    ],
    "run_tool": [
      0.0426318000536412,
      0.03832789999432862
    ],
    "cached_run": [
      0.06250640004873276,
      0.06314079998992383
    ],
    "generate_insights": [
      4.507057899958454,
      4.444615100044757
    ],
    "autonomous_run": [
      7.236073600011878
    ]
  },
  "error_counts": {}
}