{
  "timestamp": "2026-03-17T09:48:35.505776",
  "stats": {
    "cached_run": {
      "count": 1,
      "avg": 0.10980009997729212,
      "min": 0.10980009997729212,
      "max": 0.10980009997729212,
      "p95": 0.10980009997729212,
      "error_rate": 0.0
    },
    "run_tool": {
      "count": 1,
      "avg": 0.09704409999540076,
      "min": 0.09704409999540076,
      "max": 0.09704409999540076,
      "p95": 0.09704409999540076,
      "error_rate": 0.0
    },
    "monthly_revenue_by_customer": {
      "count": 1,
      "avg": 0.08311589999357238,
      "min": 0.08311589999357238,
      "max": 0.08311589999357238,
      "p95": 0.08311589999357238,
      "error_rate": 0.0
    },
    "generate_insights": {
      "count": 1,
      "avg": 5.778937499970198,
      "min": 5.778937499970198,
      "max": 5.778937499970198,
      "p95": 5.778937499970198,
      "error_rate": 0.0
    }
  },
  "metrics": {
    "monthly_revenue_by_customer": [
      0.08311589999357238
    ],
    "run_tool": [
      0.09704409999540076
    ],
    "cached_run": [
      0.10980009997729212
    ],
    "generate_insights": [
      5.778937499970198
    ]
  },
  "error_counts": {}
}