{
  "timestamp": "2026-03-20T14:55:55.070393",
  "stats": {
    "detect_revenue_spikes": {
      "count": 1,
      "avg": 0.09316241399938008,
      "min": 0.09316241399938008,
      "max": 0.09316241399938008,
      "p95": 0.09316241399938008,
      "error_rate": 0.0
    },
    "revenue_by_product": {
      "count": 2,
      "avg": 0.04894911399969715,
      "min": 0.04154815999936545,
      "max": 0.05635006800002884,
      "p95": 0.05635006800002884,
      "error_rate": 0.0
    },
    "cached_run": {
      "count": 2,
      "avg": 0.15547642349974922,
      "min": 0.15249851299995498,
      "max": 0.15845433399954345,
      "p95": 0.15845433399954345,
      "error_rate": 0.0
    },
    "monthly_revenue": {
      "count": 2,
      "avg": 0.043261892000373336,
      "min": 0.0417883369991614,
      "max": 0.04473544700158527,
      "p95": 0.04473544700158527,
      "error_rate": 0.0
    },
    "run_tool": {
      "count": 2,
      "avg": 0.10382710900012171,
      "min": 0.0984593089997361,
      "max": 0.10919490900050732,
      "p95": 0.10919490900050732,
      "error_rate": 0.0
    },
    "generate_insights": {
      "count": 1,
      "avg": 17.158156729999973,
      "min": 17.158156729999973,
      "max": 17.158156729999973,
      "p95": 17.158156729999973,
      "error_rate": 0.0
    },
    "revenue_by_customer": {
      "count": 1,
      "avg": 0.056983250000484986,
      "min": 0.056983250000484986,
      "max": 0.056983250000484986,
      "p95": 0.056983250000484986,
      "error_rate": 0.0
    },
    "compute_kpis": {
      "count": 1,
      "avg": 0.047888047998640104,
      "min": 0.047888047998640104,
      "max": 0.047888047998640104,
      "p95": 0.047888047998640104,
      "error_rate": 0.0
    },
    "monthly_revenue_by_product": {
      "count": 1,
      "avg": 0.05730172699986724,
      "min": 0.05730172699986724,
      "max": 0.05730172699986724,
      "p95": 0.05730172699986724,
      "error_rate": 0.0
    }
  },
  "metrics": {
    "compute_kpis": [
      0.047888047998640104
    ],
    "revenue_by_customer": [
      0.056983250000484986
    ],
    "revenue_by_product": [
      0.04154815999936545,
      0.05635006800002884
    ],
    "monthly_revenue": [
      0.0417883369991614,
      0.04473544700158527
    ],
    "detect_revenue_spikes": [
      0.09316241399938008
    ],
    "run_tool": [
      0.0984593089997361,
      0.10919490900050732
    ],
    "cached_run": [
      0.15249851299995498,
      0.15845433399954345
    ],
    "monthly_revenue_by_product": [
      0.05730172699986724
    ],
    "generate_insights": [
      17.158156729999973
    ]
  },
  "error_counts": {}
}