{
  "timestamp": "2026-03-20T09:04:39.460536",
  "stats": {
    "run_tool": {
      "count": 2,
      "avg": 0.029338550055399537,
      "min": 0.022205800050869584,
      "max": 0.03647130005992949,
      "p95": 0.03647130005992949,
      "error_rate": 0.0
    },
    "cached_run": {
      "count": 2,
      "avg": 0.03885060001630336,
      "min": 0.03151410003192723,
      "max": 0.04618710000067949,
      "p95": 0.04618710000067949,
      "error_rate": 0.0
    },
    "generate_insights": {
      "count": 1,
      "avg": 7.754882099921815,
      "min": 7.754882099921815,
      "max": 7.754882099921815,
      "p95": 7.754882099921815,
      "error_rate": 0.0
    },
    "monthly_revenue_by_customer": {
      "count": 1,
      "avg": 0.026335400063544512,
      "min": 0.026335400063544512,
      "max": 0.026335400063544512,
      "p95": 0.026335400063544512,
      "error_rate": 0.0
    },
    "revenue_by_product": {
      "count": 1,
      "avg": 0.01215810002759099,
      "min": 0.01215810002759099,
      "max": 0.01215810002759099,
      "p95": 0.01215810002759099,
      "error_rate": 0.0
    }
  },
  "metrics": {
    "revenue_by_product": [
      0.01215810002759099
    ],
    "run_tool": [
      0.022205800050869584,
      0.03647130005992949
    ],
    "cached_run": [
      0.03151410003192723,
      0.04618710000067949
    ],
    "monthly_revenue_by_customer": [
      0.026335400063544512
    ],
    "generate_insights": [
      7.754882099921815
    ]
  },
  "error_counts": {}
}