{
  "timestamp": "2026-03-17T09:32:18.076393",
  "stats": {
    "run_tool": {
      "count": 1,
      "avg": 0.026916700007859617,
      "min": 0.026916700007859617,
      "max": 0.026916700007859617,
      "p95": 0.026916700007859617,
      "error_rate": 0.0
    },
    "cached_run": {
      "count": 1,
      "avg": 0.03757679997943342,
      "min": 0.03757679997943342,
      "max": 0.03757679997943342,
      "p95": 0.03757679997943342,
      "error_rate": 0.0
    },
    "generate_insights": {
      "count": 1,
      "avg": 5.137645400012843,
      "min": 5.137645400012843,
      "max": 5.137645400012843,
      "p95": 5.137645400012843,
      "error_rate": 0.0
    },
    "revenue_by_product": {
      "count": 1,
      "avg": 0.016086300020106137,
      "min": 0.016086300020106137,
      "max": 0.016086300020106137,
      "p95": 0.016086300020106137,
      "error_rate": 0.0
    }
  },
  "metrics": {
    "revenue_by_product": [
      0.016086300020106137
    ],
    "run_tool": [
      0.026916700007859617
    ],
    "cached_run": [
      0.03757679997943342
    ],
    "generate_insights": [
      5.137645400012843
    ]
  },
  "error_counts": {}
}