{
  "timestamp": "2026-03-16T09:59:28.264780",
  "stats": {
    "cached_run": {
      "count": 1,
      "avg": 0.12268790003145114,
      "min": 0.12268790003145114,
      "max": 0.12268790003145114,
      "p95": 0.12268790003145114,
      "error_rate": 0.0
    },
    "run_tool": {
      "count": 1,
      "avg": 0.09064710000529885,
      "min": 0.09064710000529885,
      "max": 0.09064710000529885,
      "p95": 0.09064710000529885,
      "error_rate": 0.0
    },
    "revenue_by_product": {
      "count": 1,
      "avg": 0.06969319999916479,
      "min": 0.06969319999916479,
      "max": 0.06969319999916479,
      "p95": 0.06969319999916479,
      "error_rate": 0.0
    },
    "generate_insights": {
      "count": 1,
      "avg": 7.229841499996837,
      "min": 7.229841499996837,
      "max": 7.229841499996837,
      "p95": 7.229841499996837,
      "error_rate": 0.0
    }
  },
  "metrics": {
    "revenue_by_product": [
      0.06969319999916479
    ],
    "run_tool": [
      0.09064710000529885
    ],
    "cached_run": [
      0.12268790003145114
    ],
    "generate_insights": [
      7.229841499996837
    ]
  },
  "error_counts": {}
}