{
  "timestamp": "2026-03-20T14:21:22.879884",
  "stats": {
    "generate_insights": {
      "count": 1,
      "avg": 23.174212023999644,
      "min": 23.174212023999644,
      "max": 23.174212023999644,
      "p95": 23.174212023999644,
      "error_rate": 0.0
    },
    "revenue_by_product": {
      "count": 1,
      "avg": 0.045263316000273335,
      "min": 0.045263316000273335,
      "max": 0.045263316000273335,
      "p95": 0.045263316000273335,
      "error_rate": 0.0
    },
    "monthly_revenue_by_product": {
      "count": 1,
      "avg": 0.050854907000029925,
      "min": 0.050854907000029925,
      "max": 0.050854907000029925,
      "p95": 0.050854907000029925,
      "error_rate": 0.0
    },
    "run_tool": {
      "count": 2,
      "avg": 0.0936938700006067,
      "min": 0.08378992100006144,
      "max": 0.10359781900115195,
      "p95": 0.10359781900115195,
      "error_rate": 0.0
    },
    "cached_run": {
      "count": 2,
      "avg": 0.14111863750076736,
      "min": 0.1313551910006936,
      "max": 0.15088208400084113,
      "p95": 0.15088208400084113,
      "error_rate": 0.0
    }
  },
  "metrics": {
    "revenue_by_product": [
      0.045263316000273335
    ],
    "run_tool": [
      0.08378992100006144,
      0.10359781900115195
    ],
    "cached_run": [
      0.1313551910006936,
      0.15088208400084113
    ],
    "monthly_revenue_by_product": [
      0.050854907000029925
    ],
    "generate_insights": [
      23.174212023999644
    ]
  },
  "error_counts": {}
}