{
  "timestamp": "2026-03-20T14:58:24.709706",
  "stats": {
    "generate_insights": {
      "count": 2,
      "avg": 4.241459023999596,
      "min": 3.5154807939998136,
      "max": 4.967437253999378,
      "p95": 4.967437253999378,
      "error_rate": 0.0
    },
    "autonomous_run": {
      "count": 1,
      "avg": 6.757773464998536,
      "min": 6.757773464998536,
      "max": 6.757773464998536,
      "p95": 6.757773464998536,
      "error_rate": 0.0
    },
    "cached_run": {
      "count": 2,
      "avg": 0.1244239164998362,
      "min": 0.1010189309999987,
      "max": 0.1478289019996737,
      "p95": 0.1478289019996737,
      "error_rate": 0.0
    },
    "run_tool": {
      "count": 2,
      "avg": 0.08631323349982267,
      "min": 0.06790563399954408,
      "max": 0.10472083300010127,
      "p95": 0.10472083300010127,
      "error_rate": 0.0
    },
    "revenue_by_product": {
      "count": 2,
      "avg": 0.045592480500999955,
      "min": 0.03499333900072088,
      "max": 0.05619162200127903,
      "p95": 0.05619162200127903,
      "error_rate": 0.0
    }
  },
  "metrics": {
    "revenue_by_product": [
      0.03499333900072088,
      0.05619162200127903
    ],
    "run_tool": [
      0.06790563399954408,
      0.10472083300010127
    ],
    "cached_run": [
      0.1010189309999987,
      0.1478289019996737
    ],
    "generate_insights": [
      4.967437253999378,
      3.5154807939998136
    ],
    "autonomous_run": [
      6.757773464998536
    ]
  },
  "error_counts": {}
}