{
  "timestamp": "2026-03-20T09:02:52.008939",
  "stats": {
    "run_tool": {
      "count": 2,
      "avg": 0.02761129999998957,
      "min": 0.020484099979512393,
      "max": 0.034738500020466745,
      "p95": 0.034738500020466745,
      "error_rate": 0.0
    },
    "generate_insights": {
      "count": 1,
      "avg": 0.045619199983775616,
      "min": 0.045619199983775616,
      "max": 0.045619199983775616,
      "p95": 0.045619199983775616,
      "error_rate": 0.0
    },
    "monthly_revenue_by_customer": {
      "count": 1,
      "avg": 0.025108100031502545,
      "min": 0.025108100031502545,
      "max": 0.025108100031502545,
      "p95": 0.025108100031502545,
      "error_rate": 0.0
    },
    "cached_run": {
      "count": 2,
      "avg": 0.03774994995910674,
      "min": 0.030049399938434362,
      "max": 0.045450499979779124,
      "p95": 0.045450499979779124,
      "error_rate": 0.0
    },
    "revenue_by_product": {
      "count": 1,
      "avg": 0.011020399979315698,
      "min": 0.011020399979315698,
      "max": 0.011020399979315698,
      "p95": 0.011020399979315698,
      "error_rate": 0.0
    }
  },
  "metrics": {
    "revenue_by_product": [
      0.011020399979315698
    ],
    "run_tool": [
      0.020484099979512393,
      0.034738500020466745
    ],
    "cached_run": [
      0.030049399938434362,
      0.045450499979779124
    ],
    "monthly_revenue_by_customer": [
      0.025108100031502545
    ],
    "generate_insights": [
      0.045619199983775616
    ]
  },
  "error_counts": {}
}