{
  "timestamp": "2026-03-16T12:39:07.412383",
  "stats": {
    "generate_insights": {
      "count": 1,
      "avg": 5.225939599971753,
      "min": 5.225939599971753,
      "max": 5.225939599971753,
      "p95": 5.225939599971753,
      "error_rate": 0.0
    },
    "monthly_revenue_by_customer": {
      "count": 1,
      "avg": 0.054523700033314526,
      "min": 0.054523700033314526,
      "max": 0.054523700033314526,
      "p95": 0.054523700033314526,
      "error_rate": 0.0
    },
    "cached_run": {
      "count": 1,
      "avg": 0.09415040002204478,
      "min": 0.09415040002204478,
      "max": 0.09415040002204478,
      "p95": 0.09415040002204478,
      "error_rate": 0.0
    },
    "run_tool": {
      "count": 1,
      "avg": 0.07434019999345765,
      "min": 0.07434019999345765,
      "max": 0.07434019999345765,
      "p95": 0.07434019999345765,
      "error_rate": 0.0
    }
  },
  "metrics": {
    "monthly_revenue_by_customer": [
      0.054523700033314526
    ],
    "run_tool": [
      0.07434019999345765
    ],
    "cached_run": [
      0.09415040002204478
    ],
    "generate_insights": [
      5.225939599971753
    ]
  },
  "error_counts": {}
}