{
  "timestamp": "2026-03-16T10:04:23.514359",
  "stats": {
    "run_tool": {
      "count": 3,
      "avg": 0.060998199973255396,
      "min": 0.03252009995048866,
      "max": 0.09400599997024983,
      "p95": 0.09400599997024983,
      "error_rate": 0.0
    },
    "autonomous_run": {
      "count": 1,
      "avg": 11.870499200013,
      "min": 11.870499200013,
      "max": 11.870499200013,
      "p95": 11.870499200013,
      "error_rate": 0.0
    },
    "cached_run": {
      "count": 3,
      "avg": 0.07281553331995383,
      "min": 0.04271789995254949,
      "max": 0.10916260001249611,
      "p95": 0.10916260001249611,
      "error_rate": 0.0
    },
    "revenue_by_customer": {
      "count": 1,
      "avg": 0.021856200008187443,
      "min": 0.021856200008187443,
      "max": 0.021856200008187443,
      "p95": 0.021856200008187443,
      "error_rate": 0.0
    },
    "generate_insights": {
      "count": 2,
      "avg": 9.129031849995954,
      "min": 7.877813700004481,
      "max": 10.380249999987427,
      "p95": 10.380249999987427,
      "error_rate": 0.0
    },
    "monthly_revenue_by_customer": {
      "count": 2,
      "avg": 0.06390419998206198,
      "min": 0.04549260000931099,
      "max": 0.08231579995481297,
      "p95": 0.08231579995481297,
      "error_rate": 0.0
    }
  },
  "metrics": {
    "monthly_revenue_by_customer": [
      0.08231579995481297,
      0.04549260000931099
    ],
    "run_tool": [
      0.09400599997024983,
      0.03252009995048866,
      0.0564684999990277
    ],
    "cached_run": [
      0.10916260001249611,
      0.04271789995254949,
      0.06656609999481589
    ],
    "generate_insights": [
      10.380249999987427,
      7.877813700004481
    ],
    "autonomous_run": [
      11.870499200013
    ],
    "revenue_by_customer": [
      0.021856200008187443
    ]
  },
  "error_counts": {}
}