{
  "timestamp": "2026-03-20T13:58:06.827667",
  "stats": {
    "cached_run": {
      "count": 3,
      "avg": 0.1209448733334284,
      "min": 0.09102840600007767,
      "max": 0.1503840779996608,
      "p95": 0.1503840779996608,
      "error_rate": 0.0
    },
    "detect_revenue_spikes": {
      "count": 1,
      "avg": 0.07245015999978932,
      "min": 0.07245015999978932,
      "max": 0.07245015999978932,
      "p95": 0.07245015999978932,
      "error_rate": 0.0
    },
    "compute_kpis": {
      "count": 1,
      "avg": 0.03312567600005423,
      "min": 0.03312567600005423,
      "max": 0.03312567600005423,
      "p95": 0.03312567600005423,
      "error_rate": 0.0
    },
    "generate_insights": {
      "count": 3,
      "avg": 5.681309319333195,
      "min": 4.733487398999387,
      "max": 7.170986554000592,
      "p95": 7.170986554000592,
      "error_rate": 0.0
    },
    "monthly_revenue": {
      "count": 2,
      "avg": 0.040946684000118694,
      "min": 0.036795168000026024,
      "max": 0.045098200000211364,
      "p95": 0.045098200000211364,
      "error_rate": 0.0
    },
    "revenue_by_product": {
      "count": 4,
      "avg": 0.04044156224995277,
      "min": 0.03085409300001629,
      "max": 0.04931810699963535,
      "p95": 0.04931810699963535,
      "error_rate": 0.0
    },
    "run_tool": {
      "count": 3,
      "avg": 0.08237346566662988,
      "min": 0.06362482700023975,
      "max": 0.10038562799945794,
      "p95": 0.10038562799945794,
      "error_rate": 0.0
    },
    "autonomous_run": {
      "count": 2,
      "avg": 7.355828772999757,
      "min": 7.029517588999624,
      "max": 7.68213995699989,
      "p95": 7.68213995699989,
      "error_rate": 0.0
    },
    "revenue_by_customer": {
      "count": 1,
      "avg": 0.043440516000373464,
      "min": 0.043440516000373464,
      "max": 0.043440516000373464,
      "p95": 0.043440516000373464,
      "error_rate": 0.0
    }
  },
  "metrics": {
    "compute_kpis": [
      0.03312567600005423
    ],
    "revenue_by_customer": [
      0.043440516000373464
    ],
    "revenue_by_product": [
      0.03085409300001629,
      0.036932072000126936,
      0.04466197700003249,
      0.04931810699963535
    ],
    "monthly_revenue": [
      0.045098200000211364,
      0.036795168000026024
    ],
    "detect_revenue_spikes": [
      0.07245015999978932
    ],
    "run_tool": [
      0.06362482700023975,
      0.08310994200019195,
      0.10038562799945794
    ],
    "cached_run": [
      0.09102840600007767,
      0.12142213600054674,
      0.1503840779996608
    ],
    "generate_insights": [
      5.139454004999607,
      4.733487398999387,
      7.170986554000592
    ],
    "autonomous_run": [
      7.68213995699989,
      7.029517588999624
    ]
  },
  "error_counts": {}
}