{
  "timestamp": "2026-03-18T12:21:33.592779",
  "stats": {
    "revenue_by_product": {
      "count": 1,
      "avg": 0.010397700010798872,
      "min": 0.010397700010798872,
      "max": 0.010397700010798872,
      "p95": 0.010397700010798872,
      "error_rate": 0.0
    },
    "generate_insights": {
      "count": 1,
      "avg": 6.01836089999415,
      "min": 6.01836089999415,
      "max": 6.01836089999415,
      "p95": 6.01836089999415,
      "error_rate": 0.0
    },
    "run_tool": {
      "count": 1,
      "avg": 0.018532700021751225,
      "min": 0.018532700021751225,
      "max": 0.018532700021751225,
      "p95": 0.018532700021751225,
      "error_rate": 0.0
    },
    "cached_run": {
      "count": 1,
      "avg": 0.02719309995882213,
      "min": 0.02719309995882213,
      "max": 0.02719309995882213,
      "p95": 0.02719309995882213,
      "error_rate": 0.0
    }
  },
  "metrics": {
    "revenue_by_product": [
      0.010397700010798872
    ],
    "run_tool": [
      0.018532700021751225
    ],
    "cached_run": [
      0.02719309995882213
    ],
    "generate_insights": [
      6.01836089999415
    ]
  },
  "error_counts": {}
}