{
  "timestamp": "2026-03-16T11:10:59.158393",
  "stats": {
    "generate_insights": {
      "count": 1,
      "avg": 7.128194599994458,
      "min": 7.128194599994458,
      "max": 7.128194599994458,
      "p95": 7.128194599994458,
      "error_rate": 0.0
    },
    "run_tool": {
      "count": 1,
      "avg": 0.05641489999834448,
      "min": 0.05641489999834448,
      "max": 0.05641489999834448,
      "p95": 0.05641489999834448,
      "error_rate": 0.0
    },
    "cached_run": {
      "count": 1,
      "avg": 0.06819880002876744,
      "min": 0.06819880002876744,
      "max": 0.06819880002876744,
      "p95": 0.06819880002876744,
      "error_rate": 0.0
    },
    "monthly_revenue_by_customer": {
      "count": 1,
      "avg": 0.044721600017510355,
      "min": 0.044721600017510355,
      "max": 0.044721600017510355,
      "p95": 0.044721600017510355,
      "error_rate": 0.0
    }
  },
  "metrics": {
    "monthly_revenue_by_customer": [
      0.044721600017510355
    ],
    "run_tool": [
      0.05641489999834448
    ],
    "cached_run": [
      0.06819880002876744
    ],
    "generate_insights": [
      7.128194599994458
    ]
  },
  "error_counts": {}
}