{
  "timestamp": "2026-03-20T08:01:09.369370",
  "stats": {
    "revenue_by_product": {
      "count": 1,
      "avg": 0.014451800030656159,
      "min": 0.014451800030656159,
      "max": 0.014451800030656159,
      "p95": 0.014451800030656159,
      "error_rate": 0.0
    },
    "run_tool": {
      "count": 2,
      "avg": 0.030281599960289896,
      "min": 0.022141499910503626,
      "max": 0.038421700010076165,
      "p95": 0.038421700010076165,
      "error_rate": 0.0
    },
    "generate_insights": {
      "count": 1,
      "avg": 16.295215400052257,
      "min": 16.295215400052257,
      "max": 16.295215400052257,
      "p95": 16.295215400052257,
      "error_rate": 0.0
    },
    "cached_run": {
      "count": 2,
      "avg": 0.03767775004962459,
      "min": 0.029573900043033063,
      "max": 0.04578160005621612,
      "p95": 0.04578160005621612,
      "error_rate": 0.0
    },
    "monthly_revenue_by_customer": {
      "count": 1,
      "avg": 0.03081600007135421,
      "min": 0.03081600007135421,
      "max": 0.03081600007135421,
      "p95": 0.03081600007135421,
      "error_rate": 0.0
    }
  },
  "metrics": {
    "revenue_by_product": [
      0.014451800030656159
    ],
    "run_tool": [
      0.022141499910503626,
      0.038421700010076165
    ],
    "cached_run": [
      0.029573900043033063,
      0.04578160005621612
    ],
    "monthly_revenue_by_customer": [
      0.03081600007135421
    ],
    "generate_insights": [
      16.295215400052257
    ]
  },
  "error_counts": {}
}