{
  "timestamp": "2026-03-18T13:58:13.670779",
  "stats": {
    "revenue_by_product": {
      "count": 1,
      "avg": 0.014489599969238043,
      "min": 0.014489599969238043,
      "max": 0.014489599969238043,
      "p95": 0.014489599969238043,
      "error_rate": 0.0
    },
    "cached_run": {
      "count": 1,
      "avg": 0.039175900048576295,
      "min": 0.039175900048576295,
      "max": 0.039175900048576295,
      "p95": 0.039175900048576295,
      "error_rate": 0.0
    },
    "generate_insights": {
      "count": 1,
      "avg": 5.399114000028931,
      "min": 5.399114000028931,
      "max": 5.399114000028931,
      "p95": 5.399114000028931,
      "error_rate": 0.0
    },
    "run_tool": {
      "count": 1,
      "avg": 0.02728090004529804,
      "min": 0.02728090004529804,
      "max": 0.02728090004529804,
      "p95": 0.02728090004529804,
      "error_rate": 0.0
    }
  },
  "metrics": {
    "revenue_by_product": [
      0.014489599969238043
    ],
    "run_tool": [
      0.02728090004529804
    ],
    "cached_run": [
      0.039175900048576295
    ],
    "generate_insights": [
      5.399114000028931
    ]
  },
  "error_counts": {}
}