{
  "timestamp": "2026-03-20T08:55:10.743958",
  "stats": {
    "generate_insights": {
      "count": 1,
      "avg": 8.80429879995063,
      "min": 8.80429879995063,
      "max": 8.80429879995063,
      "p95": 8.80429879995063,
      "error_rate": 0.0
    },
    "cached_run": {
      "count": 2,
      "avg": 0.03524459997424856,
      "min": 0.029301899950951338,
      "max": 0.04118729999754578,
      "p95": 0.04118729999754578,
      "error_rate": 0.0
    },
    "revenue_by_product": {
      "count": 1,
      "avg": 0.011086300015449524,
      "min": 0.011086300015449524,
      "max": 0.011086300015449524,
      "p95": 0.011086300015449524,
      "error_rate": 0.0
    },
    "monthly_revenue_by_customer": {
      "count": 1,
      "avg": 0.02268530009314418,
      "min": 0.02268530009314418,
      "max": 0.02268530009314418,
      "p95": 0.02268530009314418,
      "error_rate": 0.0
    },
    "run_tool": {
      "count": 2,
      "avg": 0.026228200003970414,
      "min": 0.020493200048804283,
      "max": 0.031963199959136546,
      "p95": 0.031963199959136546,
      "error_rate": 0.0
    }
  },
  "metrics": {
    "revenue_by_product": [
      0.011086300015449524
    ],
    "run_tool": [
      0.020493200048804283,
      0.031963199959136546
    ],
    "cached_run": [
      0.029301899950951338,
      0.04118729999754578
    ],
    "monthly_revenue_by_customer": [
      0.02268530009314418
    ],
    "generate_insights": [
      8.80429879995063
    ]
  },
  "error_counts": {}
}