{
  "timestamp": "2026-03-17T08:59:49.515388",
  "stats": {
    "cached_run": {
      "count": 1,
      "avg": 0.033996300015132874,
      "min": 0.033996300015132874,
      "max": 0.033996300015132874,
      "p95": 0.033996300015132874,
      "error_rate": 0.0
    },
    "run_tool": {
      "count": 1,
      "avg": 0.027217299968469888,
      "min": 0.027217299968469888,
      "max": 0.027217299968469888,
      "p95": 0.027217299968469888,
      "error_rate": 0.0
    },
    "revenue_by_product": {
      "count": 1,
      "avg": 0.01805630000308156,
      "min": 0.01805630000308156,
      "max": 0.01805630000308156,
      "p95": 0.01805630000308156,
      "error_rate": 0.0
    },
    "generate_insights": {
      "count": 1,
      "avg": 7.637193699949421,
      "min": 7.637193699949421,
      "max": 7.637193699949421,
      "p95": 7.637193699949421,
      "error_rate": 0.0
    }
  },
  "metrics": {
    "revenue_by_product": [
      0.01805630000308156
    ],
    "run_tool": [
      0.027217299968469888
    ],
    "cached_run": [
      0.033996300015132874
    ],
    "generate_insights": [
      7.637193699949421
    ]
  },
  "error_counts": {}
}