{
  "timestamp": "2026-03-20T14:29:25.346740",
  "stats": {
    "run_tool": {
      "count": 2,
      "avg": 0.08142863899956865,
      "min": 0.07866327699957765,
      "max": 0.08419400099955965,
      "p95": 0.08419400099955965,
      "error_rate": 0.0
    },
    "monthly_revenue_by_product": {
      "count": 1,
      "avg": 0.04395779600054084,
      "min": 0.04395779600054084,
      "max": 0.04395779600054084,
      "p95": 0.04395779600054084,
      "error_rate": 0.0
    },
    "cached_run": {
      "count": 2,
      "avg": 0.12815681650045008,
      "min": 0.12408933200094907,
      "max": 0.13222430099995108,
      "p95": 0.13222430099995108,
      "error_rate": 0.0
    },
    "revenue_by_product": {
      "count": 1,
      "avg": 0.03993475999959628,
      "min": 0.03993475999959628,
      "max": 0.03993475999959628,
      "p95": 0.03993475999959628,
      "error_rate": 0.0
    },
    "generate_insights": {
      "count": 1,
      "avg": 9.511248276001425,
      "min": 9.511248276001425,
      "max": 9.511248276001425,
      "p95": 9.511248276001425,
      "error_rate": 0.0
    }
  },
  "metrics": {
    "revenue_by_product": [
      0.03993475999959628
    ],
    "run_tool": [
      0.07866327699957765,
      0.08419400099955965
    ],
    "cached_run": [
      0.12408933200094907,
      0.13222430099995108
    ],
    "monthly_revenue_by_product": [
      0.04395779600054084
    ],
    "generate_insights": [
      9.511248276001425
    ]
  },
  "error_counts": {}
}