{
  "timestamp": "2026-03-20T14:57:57.330053",
  "stats": {
    "run_tool": {
      "count": 1,
      "avg": 0.06790563399954408,
      "min": 0.06790563399954408,
      "max": 0.06790563399954408,
      "p95": 0.06790563399954408,
      "error_rate": 0.0
    },
    "cached_run": {
      "count": 1,
      "avg": 0.1010189309999987,
      "min": 0.1010189309999987,
      "max": 0.1010189309999987,
      "p95": 0.1010189309999987,
      "error_rate": 0.0
    },
    "revenue_by_product": {
      "count": 1,
      "avg": 0.03499333900072088,
      "min": 0.03499333900072088,
      "max": 0.03499333900072088,
      "p95": 0.03499333900072088,
      "error_rate": 0.0
    },
    "generate_insights": {
      "count": 1,
      "avg": 4.967437253999378,
      "min": 4.967437253999378,
      "max": 4.967437253999378,
      "p95": 4.967437253999378,
      "error_rate": 0.0
    }
  },
  "metrics": {
    "revenue_by_product": [
      0.03499333900072088
    ],
    "run_tool": [
      0.06790563399954408
    ],
    "cached_run": [
      0.1010189309999987
    ],
    "generate_insights": [
      4.967437253999378
    ]
  },
  "error_counts": {}
}