{
  "timestamp": "2026-03-20T14:30:41.396305",
  "stats": {
    "run_tool": {
      "count": 3,
      "avg": 0.0842979956663233,
      "min": 0.07866327699957765,
      "max": 0.09003670899983263,
      "p95": 0.09003670899983263,
      "error_rate": 0.0
    },
    "monthly_revenue_by_product": {
      "count": 1,
      "avg": 0.04395779600054084,
      "min": 0.04395779600054084,
      "max": 0.04395779600054084,
      "p95": 0.04395779600054084,
      "error_rate": 0.0
    },
    "cached_run": {
      "count": 3,
      "avg": 0.1299077446674346,
      "min": 0.12408933200094907,
      "max": 0.13340960100140364,
      "p95": 0.13340960100140364,
      "error_rate": 0.0
    },
    "revenue_by_product": {
      "count": 2,
      "avg": 0.04254358649995993,
      "min": 0.03993475999959628,
      "max": 0.04515241300032358,
      "p95": 0.04515241300032358,
      "error_rate": 0.0
    },
    "autonomous_run": {
      "count": 1,
      "avg": 12.013356147001105,
      "min": 12.013356147001105,
      "max": 12.013356147001105,
      "p95": 12.013356147001105,
      "error_rate": 0.0
    },
    "generate_insights": {
      "count": 2,
      "avg": 7.408221141001377,
      "min": 5.305194006001329,
      "max": 9.511248276001425,
      "p95": 9.511248276001425,
      "error_rate": 0.0
    }
  },
  "metrics": {
    "revenue_by_product": [
      0.03993475999959628,
      0.04515241300032358
    ],
    "run_tool": [
      0.07866327699957765,
      0.08419400099955965,
      0.09003670899983263
    ],
    "cached_run": [
      0.12408933200094907,
      0.13222430099995108,
      0.13340960100140364
    ],
    "monthly_revenue_by_product": [
      0.04395779600054084
    ],
    "generate_insights": [
      9.511248276001425,
      5.305194006001329
    ],
    "autonomous_run": [
      12.013356147001105
    ]
  },
  "error_counts": {}
}