{
  "timestamp": "2026-03-16T13:29:50.968753",
  "stats": {
    "cached_run": {
      "count": 2,
      "avg": 0.08198784998967312,
      "min": 0.06641869997838512,
      "max": 0.09755700000096112,
      "p95": 0.09755700000096112,
      "error_rate": 0.0
    },
    "monthly_revenue_by_customer": {
      "count": 1,
      "avg": 0.05771339999046177,
      "min": 0.05771339999046177,
      "max": 0.05771339999046177,
      "p95": 0.05771339999046177,
      "error_rate": 0.0
    },
    "generate_insights": {
      "count": 1,
      "avg": 4.07214980002027,
      "min": 4.07214980002027,
      "max": 4.07214980002027,
      "p95": 4.07214980002027,
      "error_rate": 0.0
    },
    "revenue_by_customer": {
      "count": 1,
      "avg": 0.024094300053548068,
      "min": 0.024094300053548068,
      "max": 0.024094300053548068,
      "p95": 0.024094300053548068,
      "error_rate": 0.0
    },
    "run_tool": {
      "count": 2,
      "avg": 0.06096309999702498,
      "min": 0.04430589999537915,
      "max": 0.07762029999867082,
      "p95": 0.07762029999867082,
      "error_rate": 0.0
    }
  },
  "metrics": {
    "revenue_by_customer": [
      0.024094300053548068
    ],
    "run_tool": [
      0.04430589999537915,
      0.07762029999867082
    ],
    "cached_run": [
      0.06641869997838512,
      0.09755700000096112
    ],
    "monthly_revenue_by_customer": [
      0.05771339999046177
    ],
    "generate_insights": [
      4.07214980002027
    ]
  },
  "error_counts": {}
}